Country Name,Country Code,Indicator Name,Indicator Code,..,1960,1961,1962,1963,1964,1965,1966,1967,1968,1969,1970,1971,1972,1973,1974,1975,1976,1977,1978,1979,1980,1981,1982,1983,1984,1985,1986,1987,1988,1989,1990,1991,1992,1993,1994,1995,1996,1997,1998,1999,2000,2001,2002,2003,2004,2005,2006,2007,2008,2009,2010,2011,2012,2013,2014,2015,2016,2017
Aruba,ABW,Intentional homicides (per 100,000 people),VC.IHR.PSRC.P5,..,..,..,..,..,..,..,..,..,..,..,..,..,..,..,..,..,..,..,..,..,..,..,..,..,..,..,..,..,..,..,..,..,..,..,..,..,..,..,..,..,..,..,..,..,..,..,..,..,..,..,1.959766004,3.899509637,5.814685959,1.92687509,..,..,..
Afghanistan,AFG,Intentional homicides (per 100,000 people),VC.IHR.PSRC.P5,..,..,..,..,..,..,..,..,..,..,..,..,..,..,..,..,..,..,..,..,..,..,..,..,..,..,..,..,..,..,..,..,..,..,..,..,..,..,..,..,..,..,..,..,..,..,..,..,..,..,..,4.143581459,6.345905676,..,..,..,..,..
Angola,AGO,Intentional homicides (per 100,000 people),VC.IHR.PSRC.P5,..,..,..,..,..,..,..,..,..,..,..,..,..,..,..,..,..,..,..,..,..,..,..,..,..,..,..,..,..,..,..,..,..,..,..,..,..,..,..,..,..,..,..,..,..,..,..,..,..,..,..,4.356162308,4.849349402,..,..,..,..,..
Albania,ALB,Intentional homicides (per 100,000 people),VC.IHR.PSRC.P5,..,..,..,..,..,..,..,..,..,..,..,..,..,..,..,..,..,..,..,..,..,..,..,..,..,..,..,..,..,..,..,..,..,..,..,..,..,..,..,..,..,..,..,..,..,..,..,..,..,..,..,4.851948929,5.376640517,4.248062164,4.005786136,2.257682277,2.698926422,..
Andorra,AND,Intentional homicides (per 100,000 people),VC.IHR.PSRC.P5,..,..,..,..,..,..,..,..,..,..,..,..,..,..,..,..,..,..,..,..,..,..,..,..,..,..,..,..,..,..,..,..,..,..,..,..,..,..,..,..,..,..,..,..,..,..,..,..,..,..,..,1.194015594,0,0,0,0,..,..
Arab World,ARB,Intentional homicides (per 100,000 people),VC.IHR.PSRC.P5,..,..,..,..,..,..,..,..,..,..,..,..,..,..,..,..,..,..,..,..,..,..,..,..,..,..,..,..,..,..,..,..,..,..,..,..,..,..,..,..,..,..,..,..,..,..,..,..,..,..,..,..,4.7,..,4.2,3.8,..,..
United Arab Emirates,ARE,Intentional homicides (per 100,000 people),VC.IHR.PSRC.P5,..,..,..,..,..,..,..,..,..,..,..,..,..,..,..,..,..,..,..,..,..,..,..,..,..,..,..,..,..,..,..,..,..,..,..,..,..,..,..,..,..,..,..,..,..,..,..,..,..,..,..,0.5880674202,0.77524144,0.6328929102,0.6724825753,0.6554295456,0.8938111055,..
Argentina,ARG,Intentional homicides (per 100,000 people),VC.IHR.PSRC.P5,..,..,..,..,..,..,..,..,..,..,..,..,..,..,..,..,..,..,..,..,..,..,..,..,..,..,..,..,..,..,..,..,..,..,..,..,..,..,..,..,..,..,..,..,..,..,..,..,..,..,..,..,..,..,7.507878678,6.534191707,5.942564451,..
Armenia,ARM,Intentional homicides (per 100,000 people),VC.IHR.PSRC.P5,..,..,..,..,..,..,..,..,..,..,..,..,..,..,..,..,..,..,..,..,..,..,..,..,..,..,..,..,..,..,..,..,..,..,..,..,..,..,..,..,..,..,..,..,..,..,..,..,..,..,..,2.469066251,2.255439252,2.177287162,2.477444928,2.5711788,2.978125769,..
American Samoa,ASM,Intentional homicides (per 100,000 people),VC.IHR.PSRC.P5,..,..,..,..,..,..,..,..,..,..,..,..,..,..,..,..,..,..,..,..,..,..,..,..,..,..,..,..,..,..,..,..,..,..,..,..,..,..,..,..,..,..,..,..,..,..,..,..,..,..,..,9.038322487,3.621220351,5.424268176,5.411548244,7.202405603,5.397100678,..
Antigua and Barbuda,ATG,Intentional homicides (per 100,000 people),VC.IHR.PSRC.P5,..,..,..,..,..,..,..,..,..,..,..,..,..,..,..,..,..,..,..,..,..,..,..,..,..,..,..,..,..,..,..,..,..,..,..,..,..,..,..,..,..,..,..,..,..,..,..,..,..,..,..,..,10.33303368,..,..,..,..,..
Australia,AUS,Intentional homicides (per 100,000 people),VC.IHR.PSRC.P5,..,..,..,..,..,..,..,..,..,..,..,..,..,..,..,..,..,..,..,..,..,..,..,..,..,..,..,..,..,..,..,..,..,..,..,..,..,..,..,..,..,..,..,..,..,..,..,..,..,..,..,1.103212711,1.064769117,1.058282009,1.03515841,0.9916151377,0.9411560778,..
Austria,AUT,Intentional homicides (per 100,000 people),VC.IHR.PSRC.P5,..,..,..,..,..,..,..,..,..,..,..,..,..,..,..,..,..,..,..,..,..,..,..,..,..,..,..,..,..,..,..,..,..,..,..,..,..,..,..,..,..,..,..,..,..,..,..,..,..,..,..,0.8865390744,0.9274969745,0.7227975717,0.5212423638,0.5300359261,0.6552196499,..
Azerbaijan,AZE,Intentional homicides (per 100,000 people),VC.IHR.PSRC.P5,..,..,..,..,..,..,..,..,..,..,..,..,..,..,..,..,..,..,..,..,..,..,..,..,..,..,..,..,..,..,..,..,..,..,..,..,..,..,..,..,..,..,..,..,..,..,..,..,..,..,..,..,2.180267778,2.354748008,2.483224817,..,2.141251748,..
Burundi,BDI,Intentional homicides (per 100,000 people),VC.IHR.PSRC.P5,..,..,..,..,..,..,..,..,..,..,..,..,..,..,..,..,..,..,..,..,..,..,..,..,..,..,..,..,..,..,..,..,..,..,..,..,..,..,..,..,..,..,..,..,..,..,..,..,..,..,..,3.859121925,5.364973803,5.416561721,5.701698075,4.519931328,6.020521997,..
Belgium,BEL,Intentional homicides (per 100,000 people),VC.IHR.PSRC.P5,..,..,..,..,..,..,..,..,..,..,..,..,..,..,..,..,..,..,..,..,..,..,..,..,..,..,..,..,..,..,..,..,..,..,..,..,..,..,..,..,..,..,..,..,..,..,..,..,..,..,..,1.943143441,1.849587903,1.838315737,1.853971077,1.94898272,..,..
Benin,BEN,Intentional homicides (per 100,000 people),VC.IHR.PSRC.P5,..,..,..,..,..,..,..,..,..,..,..,..,..,..,..,..,..,..,..,..,..,..,..,..,..,..,..,..,..,..,..,..,..,..,..,..,..,..,..,..,..,..,..,..,..,..,..,..,..,..,..,..,..,..,..,6.182763481,..,..
Burkina Faso,BFA,Intentional homicides (per 100,000 people),VC.IHR.PSRC.P5,..,..,..,..,..,..,..,..,..,..,..,..,..,..,..,..,..,..,..,..,..,..,..,..,..,..,..,..,..,..,..,..,..,..,..,..,..,..,..,..,..,..,..,..,..,..,..,..,..,..,..,0.5098898737,0.5069030541,0.7145901682,0.7847161406,0.3699486003,..,..
Bangladesh,BGD,Intentional homicides (per 100,000 people),VC.IHR.PSRC.P5,..,..,..,..,..,..,..,..,..,..,..,..,..,..,..,..,..,..,..,..,..,..,..,..,..,..,..,..,..,..,..,..,..,..,..,..,..,..,..,..,..,..,..,..,..,..,..,..,..,..,..,2.576798537,2.641801743,2.787944393,2.831775728,2.503087979,..,..
Bulgaria,BGR,Intentional homicides (per 100,000 people),VC.IHR.PSRC.P5,..,..,..,..,..,..,..,..,..,..,..,..,..,..,..,..,..,..,..,..,..,..,..,..,..,..,..,..,..,..,..,..,..,..,..,..,..,..,..,..,..,..,..,..,..,..,..,..,..,..,..,1.740025744,1.928763513,1.500108517,1.60617102,1.797309219,1.136042013,..
Bahrain,BHR,Intentional homicides (per 100,000 people),VC.IHR.PSRC.P5,..,..,..,..,..,..,..,..,..,..,..,..,..,..,..,..,..,..,..,..,..,..,..,..,..,..,..,..,..,..,..,..,..,..,..,..,..,..,..,..,..,..,..,..,..,..,..,..,..,..,..,0.5476155645,0.3076409553,0.3801093346,0.5237964467,..,..,..
Bahamas,BHS,Intentional homicides (per 100,000 people),VC.IHR.PSRC.P5,..,..,..,..,..,..,..,..,..,..,..,..,..,..,..,..,..,..,..,..,..,..,..,..,..,..,..,..,..,..,..,..,..,..,..,..,..,..,..,..,..,..,..,..,..,..,..,..,..,..,..,34.64568648,29.83558175,31.5449051,32.18471409,37.74189712,28.40055737,..
Bosnia and Herzegovina,BIH,Intentional homicides (per 100,000 people),VC.IHR.PSRC.P5,..,..,..,..,..,..,..,..,..,..,..,..,..,..,..,..,..,..,..,..,..,..,..,..,..,..,..,..,..,..,..,..,..,..,..,..,..,..,..,..,..,..,..,..,..,..,..,..,..,..,..,1.382539074,1.726879009,1.276005902,1.402130453,1.61200873,1.275363219,..
Belarus,BLR,Intentional homicides (per 100,000 people),VC.IHR.PSRC.P5,..,..,..,..,..,..,..,..,..,..,..,..,..,..,..,..,..,..,..,..,..,..,..,..,..,..,..,..,..,..,..,..,..,..,..,..,..,..,..,..,..,..,..,..,..,..,..,..,..,..,..,3.939377937,3.58962935,3.513065121,3.584663586,..,..,..
Belize,BLZ,Intentional homicides (per 100,000 people),VC.IHR.PSRC.P5,..,..,..,..,..,..,..,..,..,..,..,..,..,..,..,..,..,..,..,..,..,..,..,..,..,..,..,..,..,..,..,..,..,..,..,..,..,..,..,..,..,..,..,..,..,..,..,..,..,..,..,37.66798707,43.06491516,28.76393525,34.97358499,33.12106166,37.59916781,..
Bermuda,BMU,Intentional homicides (per 100,000 people),VC.IHR.PSRC.P5,..,..,..,..,..,..,..,..,..,..,..,..,..,..,..,..,..,..,..,..,..,..,..,..,..,..,..,..,..,..,..,..,..,..,..,..,..,..,..,..,..,..,..,..,..,..,..,..,..,..,..,12.58237524,9.496826477,7.965461758,6.412106056,6.451300744,12.96012494,..
Bolivia,BOL,Intentional homicides (per 100,000 people),VC.IHR.PSRC.P5,..,..,..,..,..,..,..,..,..,..,..,..,..,..,..,..,..,..,..,..,..,..,..,..,..,..,..,..,..,..,..,..,..,..,..,..,..,..,..,..,..,..,..,..,..,..,..,..,..,..,..,12.26392077,11.92498802,8.961310982,8.918631125,6.256582349,6.300191217,..
Brazil,BRA,Intentional homicides (per 100,000 people),VC.IHR.PSRC.P5,..,..,..,..,..,..,..,..,..,..,..,..,..,..,..,..,..,..,..,..,..,..,..,..,..,..,..,..,..,..,..,..,..,..,..,..,..,..,..,..,..,..,..,..,..,..,..,..,..,..,..,24.20091677,26.45280214,26.75923426,27.95657613,28.38337623,29.5279565,..
Barbados,BRB,Intentional homicides (per 100,000 people),VC.IHR.PSRC.P5,..,..,..,..,..,..,..,..,..,..,..,..,..,..,..,..,..,..,..,..,..,..,..,..,..,..,..,..,..,..,..,..,..,..,..,..,..,..,..,..,..,..,..,..,..,..,..,..,..,..,..,9.62220377,7.812916171,8.495304574,8.821920709,10.90715897,..,..
Brunei Darussalam,BRN,Intentional homicides (per 100,000 people),VC.IHR.PSRC.P5,..,..,..,..,..,..,..,..,..,..,..,..,..,..,..,..,..,..,..,..,..,..,..,..,..,..,..,..,..,..,..,..,..,..,..,..,..,..,..,..,..,..,..,..,..,..,..,..,..,..,..,0.2537987325,1.000630397,0.4929556636,..,..,..,..
Bhutan,BTN,Intentional homicides (per 100,000 people),VC.IHR.PSRC.P5,..,..,..,..,..,..,..,..,..,..,..,..,..,..,..,..,..,..,..,..,..,..,..,..,..,..,..,..,..,..,..,..,..,..,..,..,..,..,..,..,..,..,..,..,..,..,..,..,..,..,..,4.321346099,4.382662188,3.137414849,..,1.524030145,1.129291307,..
Botswana,BWA,Intentional homicides (per 100,000 people),VC.IHR.PSRC.P5,..,..,..,..,..,..,..,..,..,..,..,..,..,..,..,..,..,..,..,..,..,..,..,..,..,..,..,..,..,..,..,..,..,..,..,..,..,..,..,..,..,..,..,..,..,..,..,..,..,..,..,..,..,..,..,..,..,..
Central African Republic,CAF,Intentional homicides (per 100,000 people),VC.IHR.PSRC.P5,..,..,..,..,..,..,..,..,..,..,..,..,..,..,..,..,..,..,..,..,..,..,..,..,..,..,..,..,..,..,..,..,..,..,..,..,..,..,..,..,..,..,..,..,..,..,..,..,..,..,..,..,..,..,..,..,19.75737596,..
Canada,CAN,Intentional homicides (per 100,000 people),VC.IHR.PSRC.P5,..,..,..,..,..,..,..,..,..,..,..,..,..,..,..,..,..,..,..,..,..,..,..,..,..,..,..,..,..,..,..,..,..,..,..,..,..,..,..,..,..,..,..,..,..,..,..,..,..,..,..,1.75455755,1.570168855,1.443746571,1.463288808,1.680124866,1.684104545,..
Central Europe and the Baltics,CEB,Intentional homicides (per 100,000 people),VC.IHR.PSRC.P5,..,..,..,..,..,..,..,..,..,..,..,..,..,..,..,..,..,..,..,..,..,..,..,..,..,..,..,..,..,..,..,..,..,..,..,..,..,..,..,..,..,..,..,..,..,..,..,..,..,..,..,..,1.6,..,1.3,1.3,..,..
Switzerland,CHE,Intentional homicides (per 100,000 people),VC.IHR.PSRC.P5,..,..,..,..,..,..,..,..,..,..,..,..,..,..,..,..,..,..,..,..,..,..,..,..,..,..,..,..,..,..,..,..,..,..,..,..,..,..,..,..,..,..,..,..,..,..,..,..,..,..,..,0.5800448677,0.5602819837,0.7008764891,0.4981998581,0.6851151757,0.5363574421,..
Channel Islands,CHI,Intentional homicides (per 100,000 people),VC.IHR.PSRC.P5,..,..,..,..,..,..,..,..,..,..,..,..,..,..,..,..,..,..,..,..,..,..,..,..,..,..,..,..,..,..,..,..,..,..,..,..,..,..,..,..,..,..,..,..,..,..,..,..,..,..,..,..,..,..,..,..,..,..
Chile,CHL,Intentional homicides (per 100,000 people),VC.IHR.PSRC.P5,..,..,..,..,..,..,..,..,..,..,..,..,..,..,..,..,..,..,..,..,..,..,..,..,..,..,..,..,..,..,..,..,..,..,..,..,..,..,..,..,..,..,..,..,..,..,..,..,..,..,..,3.707729047,2.50725805,3.183877759,3.622160309,3.006302934,3.462782804,..
China,CHN,Intentional homicides (per 100,000 people),VC.IHR.PSRC.P5,..,..,..,..,..,..,..,..,..,..,..,..,..,..,..,..,..,..,..,..,..,..,..,..,..,..,..,..,..,..,..,..,..,..,..,..,..,..,..,..,..,..,..,..,..,..,..,..,..,..,..,0.8786232837,0.8206814524,0.7694570604,0.7253380801,0.6585405846,0.6156007119,..
Cote d'Ivoire,CIV,Intentional homicides (per 100,000 people),VC.IHR.PSRC.P5,..,..,..,..,..,..,..,..,..,..,..,..,..,..,..,..,..,..,..,..,..,..,..,..,..,..,..,..,..,..,..,..,..,..,..,..,..,..,..,..,..,..,..,..,..,..,..,..,..,..,..,..,..,..,..,11.63052429,..,..
Cameroon,CMR,Intentional homicides (per 100,000 people),VC.IHR.PSRC.P5,..,..,..,..,..,..,..,..,..,..,..,..,..,..,..,..,..,..,..,..,..,..,..,..,..,..,..,..,..,..,..,..,..,..,..,..,..,..,..,..,..,..,..,..,..,..,..,..,..,..,..,4.06911214,4.174101192,..,..,..,..,..
Dem. Rep. of the Congo,COD,Intentional homicides (per 100,000 people),VC.IHR.PSRC.P5,..,..,..,..,..,..,..,..,..,..,..,..,..,..,..,..,..,..,..,..,..,..,..,..,..,..,..,..,..,..,..,..,..,..,..,..,..,..,..,..,..,..,..,..,..,..,..,..,..,..,..,..,..,..,..,13.5463884,..,..
Rep. of the Congo,COG,Intentional homicides (per 100,000 people),VC.IHR.PSRC.P5,..,..,..,..,..,..,..,..,..,..,..,..,..,..,..,..,..,..,..,..,..,..,..,..,..,..,..,..,..,..,..,..,..,..,..,..,..,..,..,..,..,..,..,..,..,..,..,..,..,..,..,..,..,..,..,9.32245141,..,..
Colombia,COL,Intentional homicides (per 100,000 people),VC.IHR.PSRC.P5,..,..,..,..,..,..,..,..,..,..,..,..,..,..,..,..,..,..,..,..,..,..,..,..,..,..,..,..,..,..,..,..,..,..,..,..,..,..,..,..,..,..,..,..,..,..,..,..,..,..,..,34.75148797,35.06715606,32.56871383,27.91895055,26.50289308,25.50432615,..
Comoros,COM,Intentional homicides (per 100,000 people),VC.IHR.PSRC.P5,..,..,..,..,..,..,..,..,..,..,..,..,..,..,..,..,..,..,..,..,..,..,..,..,..,..,..,..,..,..,..,..,..,..,..,..,..,..,..,..,..,..,..,..,..,..,..,..,..,..,..,..,..,..,..,7.703229868,..,..
Cabo Verde,CPV,Intentional homicides (per 100,000 people),VC.IHR.PSRC.P5,..,..,..,..,..,..,..,..,..,..,..,..,..,..,..,..,..,..,..,..,..,..,..,..,..,..,..,..,..,..,..,..,..,..,..,..,..,..,..,..,..,..,..,..,..,..,..,..,..,..,..,10.43169503,10.89538678,10.38249895,12.34715645,8.63180294,11.48582908,..
Costa Rica,CRI,Intentional homicides (per 100,000 people),VC.IHR.PSRC.P5,..,..,..,..,..,..,..,..,..,..,..,..,..,..,..,..,..,..,..,..,..,..,..,..,..,..,..,..,..,..,..,..,..,..,..,..,..,..,..,..,..,..,..,..,..,..,..,..,..,..,..,10.30328614,8.744936209,8.732787538,10.02611625,11.58521519,11.9049816,..
Caribbean small states,CSS,Intentional homicides (per 100,000 people),VC.IHR.PSRC.P5,..,..,..,..,..,..,..,..,..,..,..,..,..,..,..,..,..,..,..,..,..,..,..,..,..,..,..,..,..,..,..,..,..,..,..,..,..,..,..,..,..,..,..,..,..,..,..,..,..,..,..,..,29,..,27.4,31.5,..,..
Cuba,CUB,Intentional homicides (per 100,000 people),VC.IHR.PSRC.P5,..,..,..,..,..,..,..,..,..,..,..,..,..,..,..,..,..,..,..,..,..,..,..,..,..,..,..,..,..,..,..,..,..,..,..,..,..,..,..,..,..,..,..,..,..,..,..,..,..,..,..,4.702918654,5.455913147,5.905977366,5.244862068,5.400721306,4.987686431,..
Curacao,CUW,Intentional homicides (per 100,000 people),VC.IHR.PSRC.P5,..,..,..,..,..,..,..,..,..,..,..,..,..,..,..,..,..,..,..,..,..,..,..,..,..,..,..,..,..,..,..,..,..,..,..,..,..,..,..,..,..,..,..,..,..,..,..,..,..,..,..,..,..,..,..,..,..,..
Cayman Islands,CYM,Intentional homicides (per 100,000 people),VC.IHR.PSRC.P5,..,..,..,..,..,..,..,..,..,..,..,..,..,..,..,..,..,..,..,..,..,..,..,..,..,..,..,..,..,..,..,..,..,..,..,..,..,..,..,..,..,..,..,..,..,..,..,..,..,..,..,..,..,8.565897449,8.44994254,..,..,..
Cyprus,CYP,Intentional homicides (per 100,000 people),VC.IHR.PSRC.P5,..,..,..,..,..,..,..,..,..,..,..,..,..,..,..,..,..,..,..,..,..,..,..,..,..,..,..,..,..,..,..,..,..,..,..,..,..,..,..,..,..,..,..,..,..,..,..,..,..,..,..,0.8001173505,1.938220115,1.049046417,0.9546050582,1.292006357,1.11086767,..
Czech Republic,CZE,Intentional homicides (per 100,000 people),VC.IHR.PSRC.P5,..,..,..,..,..,..,..,..,..,..,..,..,..,..,..,..,..,..,..,..,..,..,..,..,..,..,..,..,..,..,..,..,..,..,..,..,..,..,..,..,..,..,..,..,..,..,..,..,..,..,..,0.8137223873,0.9918053266,0.8494989042,0.7642572184,0.8298941451,0.6126471022,..
Germany,DEU,Intentional homicides (per 100,000 people),VC.IHR.PSRC.P5,..,..,..,..,..,..,..,..,..,..,..,..,..,..,..,..,..,..,..,..,..,..,..,..,..,..,..,..,..,..,..,..,..,..,..,..,..,..,..,..,..,..,..,..,..,..,..,..,..,..,..,0.9118543287,0.812915583,0.8392282452,0.8786390813,0.8346817462,1.176192851,..
Djibouti,DJI,Intentional homicides (per 100,000 people),VC.IHR.PSRC.P5,..,..,..,..,..,..,..,..,..,..,..,..,..,..,..,..,..,..,..,..,..,..,..,..,..,..,..,..,..,..,..,..,..,..,..,..,..,..,..,..,..,..,..,..,..,..,..,..,..,..,..,..,..,..,..,6.48470718,..,..
Dominica,DMA,Intentional homicides (per 100,000 people),VC.IHR.PSRC.P5,..,..,..,..,..,..,..,..,..,..,..,..,..,..,..,..,..,..,..,..,..,..,..,..,..,..,..,..,..,..,..,..,..,..,..,..,..,..,..,..,..,..,..,..,..,..,..,..,..,..,..,8.366100561,..,..,..,..,..,..
Denmark,DNK,Intentional homicides (per 100,000 people),VC.IHR.PSRC.P5,..,..,..,..,..,..,..,..,..,..,..,..,..,..,..,..,..,..,..,..,..,..,..,..,..,..,..,..,..,..,..,..,..,..,..,..,..,..,..,..,..,..,..,..,..,..,..,..,..,..,..,0.8239485297,0.8376911094,0.8513933673,1.288861377,0.9844085506,0.9806813823,..
Dominican Republic,DOM,Intentional homicides (per 100,000 people),VC.IHR.PSRC.P5,..,..,..,..,..,..,..,..,..,..,..,..,..,..,..,..,..,..,..,..,..,..,..,..,..,..,..,..,..,..,..,..,..,..,..,..,..,..,..,..,..,..,..,..,..,..,..,..,..,..,..,25.06209426,22.33393567,19.2388197,17.39407202,..,15.1817049,..
Algeria,DZA,Intentional homicides (per 100,000 people),VC.IHR.PSRC.P5,..,..,..,..,..,..,..,..,..,..,..,..,..,..,..,..,..,..,..,..,..,..,..,..,..,..,..,..,..,..,..,..,..,..,..,..,..,..,..,..,..,..,..,..,..,..,..,..,..,..,..,0.7604654027,1.392222036,1.25200314,1.47520104,1.359366012,..,..
East Asia & Pacific (excluding high income),EAP,Intentional homicides (per 100,000 people),VC.IHR.PSRC.P5,..,..,..,..,..,..,..,..,..,..,..,..,..,..,..,..,..,..,..,..,..,..,..,..,..,..,..,..,..,..,..,..,..,..,..,..,..,..,..,..,..,..,..,..,..,..,..,..,..,..,..,..,2.1,..,1.6,1.5,..,..
Early-demographic dividend,EAR,Intentional homicides (per 100,000 people),VC.IHR.PSRC.P5,..,..,..,..,..,..,..,..,..,..,..,..,..,..,..,..,..,..,..,..,..,..,..,..,..,..,..,..,..,..,..,..,..,..,..,..,..,..,..,..,..,..,..,..,..,..,..,..,..,..,..,..,6.8,..,6.3,6,..,..
East Asia & Pacific,EAS,Intentional homicides (per 100,000 people),VC.IHR.PSRC.P5,..,..,..,..,..,..,..,..,..,..,..,..,..,..,..,..,..,..,..,..,..,..,..,..,..,..,..,..,..,..,..,..,..,..,..,..,..,..,..,..,..,..,..,..,..,..,..,..,..,..,..,..,2,..,1.5,1.4,..,..
Europe & Central Asia (excluding high income),ECA,Intentional homicides (per 100,000 people),VC.IHR.PSRC.P5,..,..,..,..,..,..,..,..,..,..,..,..,..,..,..,..,..,..,..,..,..,..,..,..,..,..,..,..,..,..,..,..,..,..,..,..,..,..,..,..,..,..,..,..,..,..,..,..,..,..,..,..,5.6,..,5.5,6.2,..,..
Europe & Central Asia,ECS,Intentional homicides (per 100,000 people),VC.IHR.PSRC.P5,..,..,..,..,..,..,..,..,..,..,..,..,..,..,..,..,..,..,..,..,..,..,..,..,..,..,..,..,..,..,..,..,..,..,..,..,..,..,..,..,..,..,..,..,..,..,..,..,..,..,..,..,3.1,..,3,3.3,..,..
Ecuador,ECU,Intentional homicides (per 100,000 people),VC.IHR.PSRC.P5,..,..,..,..,..,..,..,..,..,..,..,..,..,..,..,..,..,..,..,..,..,..,..,..,..,..,..,..,..,..,..,..,..,..,..,..,..,..,..,..,..,..,..,..,..,..,..,..,..,..,..,15.44406123,12.47108725,11.01423761,8.243669541,6.53478662,5.853766682,..
Egypt,EGY,Intentional homicides (per 100,000 people),VC.IHR.PSRC.P5,..,..,..,..,..,..,..,..,..,..,..,..,..,..,..,..,..,..,..,..,..,..,..,..,..,..,..,..,..,..,..,..,..,..,..,..,..,..,..,..,..,..,..,..,..,..,..,..,..,..,..,3.146771536,2.513287942,..,..,..,..,..
Euro area,EMU,Intentional homicides (per 100,000 people),VC.IHR.PSRC.P5,..,..,..,..,..,..,..,..,..,..,..,..,..,..,..,..,..,..,..,..,..,..,..,..,..,..,..,..,..,..,..,..,..,..,..,..,..,..,..,..,..,..,..,..,..,..,..,..,..,..,..,..,1.1,..,1,1,..,..
Eritrea,ERI,Intentional homicides (per 100,000 people),VC.IHR.PSRC.P5,..,..,..,..,..,..,..,..,..,..,..,..,..,..,..,..,..,..,..,..,..,..,..,..,..,..,..,..,..,..,..,..,..,..,..,..,..,..,..,..,..,..,..,..,..,..,..,..,..,..,..,..,..,..,..,8.044168497,..,..
Spain,ESP,Intentional homicides (per 100,000 people),VC.IHR.PSRC.P5,..,..,..,..,..,..,..,..,..,..,..,..,..,..,..,..,..,..,..,..,..,..,..,..,..,..,..,..,..,..,..,..,..,..,..,..,..,..,..,..,..,..,..,..,..,..,..,..,..,..,..,0.8207356102,0.7768249389,0.6467148289,0.694297754,0.6508948382,0.6334845178,..
Estonia,EST,Intentional homicides (per 100,000 people),VC.IHR.PSRC.P5,..,..,..,..,..,..,..,..,..,..,..,..,..,..,..,..,..,..,..,..,..,..,..,..,..,..,..,..,..,..,..,..,..,..,..,..,..,..,..,..,..,..,..,..,..,..,..,..,..,..,..,4.892924004,4.754953832,3.934743788,3.109926811,3.193136884,..,..
Ethiopia,ETH,Intentional homicides (per 100,000 people),VC.IHR.PSRC.P5,..,..,..,..,..,..,..,..,..,..,..,..,..,..,..,..,..,..,..,..,..,..,..,..,..,..,..,..,..,..,..,..,..,..,..,..,..,..,..,..,..,..,..,..,..,..,..,..,..,..,..,..,..,..,..,7.561612396,..,..
European Union,EUU,Intentional homicides (per 100,000 people),VC.IHR.PSRC.P5,..,..,..,..,..,..,..,..,..,..,..,..,..,..,..,..,..,..,..,..,..,..,..,..,..,..,..,..,..,..,..,..,..,..,..,..,..,..,..,..,..,..,..,..,..,..,..,..,..,..,..,..,1.1,..,1,1,..,..
Fragile and conflict affected situations,FCS,Intentional homicides (per 100,000 people),VC.IHR.PSRC.P5,..,..,..,..,..,..,..,..,..,..,..,..,..,..,..,..,..,..,..,..,..,..,..,..,..,..,..,..,..,..,..,..,..,..,..,..,..,..,..,..,..,..,..,..,..,..,..,..,..,..,..,..,12.7,..,7.5,7.7,..,..
Finland,FIN,Intentional homicides (per 100,000 people),VC.IHR.PSRC.P5,..,..,..,..,..,..,..,..,..,..,..,..,..,..,..,..,..,..,..,..,..,..,..,..,..,..,..,..,..,..,..,..,..,..,..,..,..,..,..,..,..,..,..,..,..,..,..,..,..,..,..,2.041103369,1.625721876,1.637047752,1.611805154,1.495813728,1.417769376,..
Fiji,FJI,Intentional homicides (per 100,000 people),VC.IHR.PSRC.P5,..,..,..,..,..,..,..,..,..,..,..,..,..,..,..,..,..,..,..,..,..,..,..,..,..,..,..,..,..,..,..,..,..,..,..,..,..,..,..,..,..,..,..,..,..,..,..,..,..,..,..,2.30657628,2.289387772,2.159790387,2.257830721,..,..,..
France,FRA,Intentional homicides (per 100,000 people),VC.IHR.PSRC.P5,..,..,..,..,..,..,..,..,..,..,..,..,..,..,..,..,..,..,..,..,..,..,..,..,..,..,..,..,..,..,..,..,..,..,..,..,..,..,..,..,..,..,..,..,..,..,..,..,..,..,..,1.351360375,1.231932062,1.215583556,1.233824783,1.57779113,1.352186846,..
Faroe Islands,FRO,Intentional homicides (per 100,000 people),VC.IHR.PSRC.P5,..,..,..,..,..,..,..,..,..,..,..,..,..,..,..,..,..,..,..,..,..,..,..,..,..,..,..,..,..,..,..,..,..,..,..,..,..,..,..,..,..,..,..,..,..,..,..,..,..,..,..,..,..,..,..,..,..,..
Micronesia,FSM,Intentional homicides (per 100,000 people),VC.IHR.PSRC.P5,..,..,..,..,..,..,..,..,..,..,..,..,..,..,..,..,..,..,..,..,..,..,..,..,..,..,..,..,..,..,..,..,..,..,..,..,..,..,..,..,..,..,..,..,..,..,..,..,..,..,..,..,..,..,..,4.674645428,..,..
Gabon,GAB,Intentional homicides (per 100,000 people),VC.IHR.PSRC.P5,..,..,..,..,..,..,..,..,..,..,..,..,..,..,..,..,..,..,..,..,..,..,..,..,..,..,..,..,..,..,..,..,..,..,..,..,..,..,..,..,..,..,..,..,..,..,..,..,..,..,..,..,..,..,..,8.042836801,..,..
United Kingdom,GBR,Intentional homicides (per 100,000 people),VC.IHR.PSRC.P5,..,..,..,..,..,..,..,..,..,..,..,..,..,..,..,..,..,..,..,..,..,..,..,..,..,..,..,..,..,..,..,..,..,..,..,..,..,..,..,..,..,..,..,..,..,..,..,..,..,..,..,1.004515115,0.9758704741,0.9328428921,0.9074733134,0.992399049,1.202410668,..
Georgia,GEO,Intentional homicides (per 100,000 people),VC.IHR.PSRC.P5,..,..,..,..,..,..,..,..,..,..,..,..,..,..,..,..,..,..,..,..,..,..,..,..,..,..,..,..,..,..,..,..,..,..,..,..,..,..,..,..,..,..,..,..,..,..,..,..,..,..,..,..,..,..,2.705176355,..,0.9896170395,..
Ghana,GHA,Intentional homicides (per 100,000 people),VC.IHR.PSRC.P5,..,..,..,..,..,..,..,..,..,..,..,..,..,..,..,..,..,..,..,..,..,..,..,..,..,..,..,..,..,..,..,..,..,..,..,..,..,..,..,..,..,..,..,..,..,..,..,..,..,..,..,1.683796811,..,..,..,..,..,..
Gibraltar,GIB,Intentional homicides (per 100,000 people),VC.IHR.PSRC.P5,..,..,..,..,..,..,..,..,..,..,..,..,..,..,..,..,..,..,..,..,..,..,..,..,..,..,..,..,..,..,..,..,..,..,..,..,..,..,..,..,..,..,..,..,..,..,..,..,..,..,..,..,..,..,..,..,..,..
Guinea,GIN,Intentional homicides (per 100,000 people),VC.IHR.PSRC.P5,..,..,..,..,..,..,..,..,..,..,..,..,..,..,..,..,..,..,..,..,..,..,..,..,..,..,..,..,..,..,..,..,..,..,..,..,..,..,..,..,..,..,..,..,..,..,..,..,..,..,..,..,..,..,..,8.824580102,..,..
Gambia,GMB,Intentional homicides (per 100,000 people),VC.IHR.PSRC.P5,..,..,..,..,..,..,..,..,..,..,..,..,..,..,..,..,..,..,..,..,..,..,..,..,..,..,..,..,..,..,..,..,..,..,..,..,..,..,..,..,..,..,..,..,..,..,..,..,..,..,..,..,..,..,..,9.128507795,..,..
Guinea-Bissau,GNB,Intentional homicides (per 100,000 people),VC.IHR.PSRC.P5,..,..,..,..,..,..,..,..,..,..,..,..,..,..,..,..,..,..,..,..,..,..,..,..,..,..,..,..,..,..,..,..,..,..,..,..,..,..,..,..,..,..,..,..,..,..,..,..,..,..,..,..,..,..,..,9.549855882,..,..
Equatorial Guinea,GNQ,Intentional homicides (per 100,000 people),VC.IHR.PSRC.P5,..,..,..,..,..,..,..,..,..,..,..,..,..,..,..,..,..,..,..,..,..,..,..,..,..,..,..,..,..,..,..,..,..,..,..,..,..,..,..,..,..,..,..,..,..,..,..,..,..,..,..,..,..,..,..,2.305233807,..,..
Greece,GRC,Intentional homicides (per 100,000 people),VC.IHR.PSRC.P5,..,..,..,..,..,..,..,..,..,..,..,..,..,..,..,..,..,..,..,..,..,..,..,..,..,..,..,..,..,..,..,..,..,..,..,..,..,..,..,..,..,..,..,..,..,..,..,..,..,..,..,1.610812756,1.458922926,1.351434906,0.9498677553,0.8290395621,0.7503513386,..
Grenada,GRD,Intentional homicides (per 100,000 people),VC.IHR.PSRC.P5,..,..,..,..,..,..,..,..,..,..,..,..,..,..,..,..,..,..,..,..,..,..,..,..,..,..,..,..,..,..,..,..,..,..,..,..,..,..,..,..,..,..,..,..,..,..,..,..,..,..,..,3.806804663,13.27253249,5.665240914,7.521624671,5.616767925,10.24931935,..
Greenland,GRL,Intentional homicides (per 100,000 people),VC.IHR.PSRC.P5,..,..,..,..,..,..,..,..,..,..,..,..,..,..,..,..,..,..,..,..,..,..,..,..,..,..,..,..,..,..,..,..,..,..,..,..,..,..,..,..,..,..,..,..,..,..,..,..,..,..,..,1.768284057,14.16681424,12.40826745,7.094462772,7.09509197,5.313722156,..
Guatemala,GTM,Intentional homicides (per 100,000 people),VC.IHR.PSRC.P5,..,..,..,..,..,..,..,..,..,..,..,..,..,..,..,..,..,..,..,..,..,..,..,..,..,..,..,..,..,..,..,..,..,..,..,..,..,..,..,..,..,..,..,..,..,..,..,..,..,..,..,38.00274789,33.75667013,33.6812511,31.38745553,29.3986825,27.25501908,..
Guam,GUM,Intentional homicides (per 100,000 people),VC.IHR.PSRC.P5,..,..,..,..,..,..,..,..,..,..,..,..,..,..,..,..,..,..,..,..,..,..,..,..,..,..,..,..,..,..,..,..,..,..,..,..,..,..,..,..,..,..,..,..,..,..,..,..,..,..,..,2.505041396,..,..,..,..,..,..
Guyana,GUY,Intentional homicides (per 100,000 people),VC.IHR.PSRC.P5,..,..,..,..,..,..,..,..,..,..,..,..,..,..,..,..,..,..,..,..,..,..,..,..,..,..,..,..,..,..,..,..,..,..,..,..,..,..,..,..,..,..,..,..,..,..,..,..,..,..,..,17.35415832,18.45726479,20.44636391,19.518125,19.3880658,18.37077608,..
High income,HIC,Intentional homicides (per 100,000 people),VC.IHR.PSRC.P5,..,..,..,..,..,..,..,..,..,..,..,..,..,..,..,..,..,..,..,..,..,..,..,..,..,..,..,..,..,..,..,..,..,..,..,..,..,..,..,..,..,..,..,..,..,..,..,..,..,..,..,..,2.4,..,2.3,2.4,..,..
Hong Kong SAR,HKG,Intentional homicides (per 100,000 people),VC.IHR.PSRC.P5,..,..,..,..,..,..,..,..,..,..,..,..,..,..,..,..,..,..,..,..,..,..,..,..,..,..,..,..,..,..,..,..,..,..,..,..,..,..,..,..,..,..,..,..,..,..,..,..,..,..,..,0.240595034,0.3799392632,0.8673062071,0.3752833911,0.303628317,0.3832420829,..
Honduras,HND,Intentional homicides (per 100,000 people),VC.IHR.PSRC.P5,..,..,..,..,..,..,..,..,..,..,..,..,..,..,..,..,..,..,..,..,..,..,..,..,..,..,..,..,..,..,..,..,..,..,..,..,..,..,..,..,..,..,..,..,..,..,..,..,..,..,..,85.06154509,84.32046196,74.27996884,66.87314739,57.45004173,56.51570309,..
Heavily indebted poor countries (HIPC),HPC,Intentional homicides (per 100,000 people),VC.IHR.PSRC.P5,..,..,..,..,..,..,..,..,..,..,..,..,..,..,..,..,..,..,..,..,..,..,..,..,..,..,..,..,..,..,..,..,..,..,..,..,..,..,..,..,..,..,..,..,..,..,..,..,..,..,..,..,12.6,..,8.3,8.1,..,..
Croatia,HRV,Intentional homicides (per 100,000 people),VC.IHR.PSRC.P5,..,..,..,..,..,..,..,..,..,..,..,..,..,..,..,..,..,..,..,..,..,..,..,..,..,..,..,..,..,..,..,..,..,..,..,..,..,..,..,..,..,..,..,..,..,..,..,..,..,..,..,1.136002444,1.187005502,1.075317581,0.8455600931,0.8734622343,1.044634477,..
Haiti,HTI,Intentional homicides (per 100,000 people),VC.IHR.PSRC.P5,..,..,..,..,..,..,..,..,..,..,..,..,..,..,..,..,..,..,..,..,..,..,..,..,..,..,..,..,..,..,..,..,..,..,..,..,..,..,..,..,..,..,..,..,..,..,..,..,..,..,..,9.009316264,10.03964347,..,..,..,..,..
Hungary,HUN,Intentional homicides (per 100,000 people),VC.IHR.PSRC.P5,..,..,..,..,..,..,..,..,..,..,..,..,..,..,..,..,..,..,..,..,..,..,..,..,..,..,..,..,..,..,..,..,..,..,..,..,..,..,..,..,..,..,..,..,..,..,..,..,..,..,..,1.46491222,1.256372544,1.564770791,1.487771486,2.258807176,2.071499338,..
IBRD only,IBD,Intentional homicides (per 100,000 people),VC.IHR.PSRC.P5,..,..,..,..,..,..,..,..,..,..,..,..,..,..,..,..,..,..,..,..,..,..,..,..,..,..,..,..,..,..,..,..,..,..,..,..,..,..,..,..,..,..,..,..,..,..,..,..,..,..,..,..,5.8,..,5.6,5.6,..,..
IDA & IBRD total,IBT,Intentional homicides (per 100,000 people),VC.IHR.PSRC.P5,..,..,..,..,..,..,..,..,..,..,..,..,..,..,..,..,..,..,..,..,..,..,..,..,..,..,..,..,..,..,..,..,..,..,..,..,..,..,..,..,..,..,..,..,..,..,..,..,..,..,..,..,7,..,5.9,5.9,..,..
IDA total,IDA,Intentional homicides (per 100,000 people),VC.IHR.PSRC.P5,..,..,..,..,..,..,..,..,..,..,..,..,..,..,..,..,..,..,..,..,..,..,..,..,..,..,..,..,..,..,..,..,..,..,..,..,..,..,..,..,..,..,..,..,..,..,..,..,..,..,..,..,10.9,..,7.1,6.9,..,..
IDA blend,IDB,Intentional homicides (per 100,000 people),VC.IHR.PSRC.P5,..,..,..,..,..,..,..,..,..,..,..,..,..,..,..,..,..,..,..,..,..,..,..,..,..,..,..,..,..,..,..,..,..,..,..,..,..,..,..,..,..,..,..,..,..,..,..,..,..,..,..,..,11.9,..,8,7.7,..,..
Indonesia,IDN,Intentional homicides (per 100,000 people),VC.IHR.PSRC.P5,..,..,..,..,..,..,..,..,..,..,..,..,..,..,..,..,..,..,..,..,..,..,..,..,..,..,..,..,..,..,..,..,..,..,..,..,..,..,..,..,..,..,..,..,..,..,..,..,..,..,..,0.5970513453,0.5850132965,0.5499295937,0.5005269526,0.5775440798,0.4950679287,..
IDA only,IDX,Intentional homicides (per 100,000 people),VC.IHR.PSRC.P5,..,..,..,..,..,..,..,..,..,..,..,..,..,..,..,..,..,..,..,..,..,..,..,..,..,..,..,..,..,..,..,..,..,..,..,..,..,..,..,..,..,..,..,..,..,..,..,..,..,..,..,..,10.4,..,6.7,6.5,..,..
Isle of Man,IMN,Intentional homicides (per 100,000 people),VC.IHR.PSRC.P5,..,..,..,..,..,..,..,..,..,..,..,..,..,..,..,..,..,..,..,..,..,..,..,..,..,..,..,..,..,..,..,..,..,..,..,..,..,..,..,..,..,..,..,..,..,..,..,..,..,..,..,1.238252083,2.456821365,2.438637777,3.632401017,1.20239999,0,..
India,IND,Intentional homicides (per 100,000 people),VC.IHR.PSRC.P5,..,..,..,..,..,..,..,..,..,..,..,..,..,..,..,..,..,..,..,..,..,..,..,..,..,..,..,..,..,..,..,..,..,..,..,..,..,..,..,..,..,..,..,..,..,..,..,..,..,..,..,3.819645912,3.758948904,3.588249344,3.660057954,3.390616482,3.223699409,..
Not classified,INX,Intentional homicides (per 100,000 people),VC.IHR.PSRC.P5,..,..,..,..,..,..,..,..,..,..,..,..,..,..,..,..,..,..,..,..,..,..,..,..,..,..,..,..,..,..,..,..,..,..,..,..,..,..,..,..,..,..,..,..,..,..,..,..,..,..,..,..,..,..,..,..,..,..
Ireland,IRL,Intentional homicides (per 100,000 people),VC.IHR.PSRC.P5,..,..,..,..,..,..,..,..,..,..,..,..,..,..,..,..,..,..,..,..,..,..,..,..,..,..,..,..,..,..,..,..,..,..,..,..,..,..,..,..,..,..,..,..,..,..,..,..,..,..,..,0.9007890268,1.132934469,1.110644308,1.109606267,0.6170072298,0.8020795982,..
Iran,IRN,Intentional homicides (per 100,000 people),VC.IHR.PSRC.P5,..,..,..,..,..,..,..,..,..,..,..,..,..,..,..,..,..,..,..,..,..,..,..,..,..,..,..,..,..,..,..,..,..,..,..,..,..,..,..,..,..,..,..,..,..,..,..,..,..,..,..,..,..,2.630580356,2.469038437,..,..,..
Iraq,IRQ,Intentional homicides (per 100,000 people),VC.IHR.PSRC.P5,..,..,..,..,..,..,..,..,..,..,..,..,..,..,..,..,..,..,..,..,..,..,..,..,..,..,..,..,..,..,..,..,..,..,..,..,..,..,..,..,..,..,..,..,..,..,..,..,..,..,..,8.302063227,8.228438539,9.854457135,..,..,..,..
Iceland,ISL,Intentional homicides (per 100,000 people),VC.IHR.PSRC.P5,..,..,..,..,..,..,..,..,..,..,..,..,..,..,..,..,..,..,..,..,..,..,..,..,..,..,..,..,..,..,..,..,..,..,..,..,..,..,..,..,..,..,..,..,..,..,..,..,..,..,..,0.9275921563,0.3071951242,0.3057832792,0.6089040032,0.9084219802,0.3004477272,..
Israel,ISR,Intentional homicides (per 100,000 people),VC.IHR.PSRC.P5,..,..,..,..,..,..,..,..,..,..,..,..,..,..,..,..,..,..,..,..,..,..,..,..,..,..,..,..,..,..,..,..,..,..,..,..,..,..,..,..,..,..,..,..,..,..,..,..,..,..,..,1.995039091,1.740462041,..,1.485897386,1.363994779,..,..
Italy,ITA,Intentional homicides (per 100,000 people),VC.IHR.PSRC.P5,..,..,..,..,..,..,..,..,..,..,..,..,..,..,..,..,..,..,..,..,..,..,..,..,..,..,..,..,..,..,..,..,..,..,..,..,..,..,..,..,..,..,..,..,..,..,..,..,..,..,..,0.9236958765,0.8872693489,0.8413219816,0.7971715615,0.788179499,0.6730631628,..
Jamaica,JAM,Intentional homicides (per 100,000 people),VC.IHR.PSRC.P5,..,..,..,..,..,..,..,..,..,..,..,..,..,..,..,..,..,..,..,..,..,..,..,..,..,..,..,..,..,..,..,..,..,..,..,..,..,..,..,..,..,..,..,..,..,..,..,..,..,..,..,40.04250938,38.68367106,42.11364935,35.11423657,42.06224795,47.01105843,..
Jordan,JOR,Intentional homicides (per 100,000 people),VC.IHR.PSRC.P5,..,..,..,..,..,..,..,..,..,..,..,..,..,..,..,..,..,..,..,..,..,..,..,..,..,..,..,..,..,..,..,..,..,..,..,..,..,..,..,..,..,..,..,..,..,..,..,..,..,..,..,1.861400145,2.014370091,1.711542356,1.997887234,1.73594014,1.547627698,..
Japan,JPN,Intentional homicides (per 100,000 people),VC.IHR.PSRC.P5,..,..,..,..,..,..,..,..,..,..,..,..,..,..,..,..,..,..,..,..,..,..,..,..,..,..,..,..,..,..,..,..,..,..,..,..,..,..,..,..,..,..,..,..,..,..,..,..,..,..,..,0.3439544202,0.3340435093,0.2883575559,0.3082015803,0.2836492433,0.2835233107,..
Kazakhstan,KAZ,Intentional homicides (per 100,000 people),VC.IHR.PSRC.P5,..,..,..,..,..,..,..,..,..,..,..,..,..,..,..,..,..,..,..,..,..,..,..,..,..,..,..,..,..,..,..,..,..,..,..,..,..,..,..,..,..,..,..,..,..,..,..,..,..,..,..,8.529870766,7.481748169,6.508881689,5.169324246,4.805729105,..,..
Kenya,KEN,Intentional homicides (per 100,000 people),VC.IHR.PSRC.P5,..,..,..,..,..,..,..,..,..,..,..,..,..,..,..,..,..,..,..,..,..,..,..,..,..,..,..,..,..,..,..,..,..,..,..,..,..,..,..,..,..,..,..,..,..,..,..,..,..,..,..,5.345796612,5.44019104,5.465474497,5.008229357,4.786577193,4.87343584,..
Kyrgyz Republic,KGZ,Intentional homicides (per 100,000 people),VC.IHR.PSRC.P5,..,..,..,..,..,..,..,..,..,..,..,..,..,..,..,..,..,..,..,..,..,..,..,..,..,..,..,..,..,..,..,..,..,..,..,..,..,..,..,..,..,..,..,..,..,..,..,..,..,..,..,8.971051289,5.380661224,3.62433073,3.740540848,5.182936341,4.485384601,..
Cambodia,KHM,Intentional homicides (per 100,000 people),VC.IHR.PSRC.P5,..,..,..,..,..,..,..,..,..,..,..,..,..,..,..,..,..,..,..,..,..,..,..,..,..,..,..,..,..,..,..,..,..,..,..,..,..,..,..,..,..,..,..,..,..,..,..,..,..,..,..,1.843459221,..,..,..,..,..,..
Kiribati,KIR,Intentional homicides (per 100,000 people),VC.IHR.PSRC.P5,..,..,..,..,..,..,..,..,..,..,..,..,..,..,..,..,..,..,..,..,..,..,..,..,..,..,..,..,..,..,..,..,..,..,..,..,..,..,..,..,..,..,..,..,..,..,..,..,..,..,..,10.51062529,7.503775337,..,..,..,..,..
St. Kitts and Nevis,KNA,Intentional homicides (per 100,000 people),VC.IHR.PSRC.P5,..,..,..,..,..,..,..,..,..,..,..,..,..,..,..,..,..,..,..,..,..,..,..,..,..,..,..,..,..,..,..,..,..,..,..,..,..,..,..,..,..,..,..,..,..,..,..,..,..,..,..,65.37707188,34.22638855,..,..,..,..,..
Rep. of Korea,KOR,Intentional homicides (per 100,000 people),VC.IHR.PSRC.P5,..,..,..,..,..,..,..,..,..,..,..,..,..,..,..,..,..,..,..,..,..,..,..,..,..,..,..,..,..,..,..,..,..,..,..,..,..,..,..,..,..,..,..,..,..,..,..,..,..,..,..,0.8583836106,0.8227858592,0.6816925797,0.7383067688,0.7214342381,0.7011141843,..
Kuwait,KWT,Intentional homicides (per 100,000 people),VC.IHR.PSRC.P5,..,..,..,..,..,..,..,..,..,..,..,..,..,..,..,..,..,..,..,..,..,..,..,..,..,..,..,..,..,..,..,..,..,..,..,..,..,..,..,..,..,..,..,..,..,..,..,..,..,..,..,1.848920622,1.796465733,..,..,..,..,..
Latin America & Caribbean (excluding high income),LAC,Intentional homicides (per 100,000 people),VC.IHR.PSRC.P5,..,..,..,..,..,..,..,..,..,..,..,..,..,..,..,..,..,..,..,..,..,..,..,..,..,..,..,..,..,..,..,..,..,..,..,..,..,..,..,..,..,..,..,..,..,..,..,..,..,..,..,..,25.3,..,24.4,24.2,..,..
Lao PDR,LAO,Intentional homicides (per 100,000 people),VC.IHR.PSRC.P5,..,..,..,..,..,..,..,..,..,..,..,..,..,..,..,..,..,..,..,..,..,..,..,..,..,..,..,..,..,..,..,..,..,..,..,..,..,..,..,..,..,..,..,..,..,..,..,..,..,..,..,..,..,..,..,7.009982056,..,..
Lebanon,LBN,Intentional homicides (per 100,000 people),VC.IHR.PSRC.P5,..,..,..,..,..,..,..,..,..,..,..,..,..,..,..,..,..,..,..,..,..,..,..,..,..,..,..,..,..,..,..,..,..,..,..,..,..,..,..,..,..,..,..,..,..,..,..,..,..,..,..,3.661432562,3.94597352,4.472999195,4.283206315,3.947719884,3.993101823,..
Liberia,LBR,Intentional homicides (per 100,000 people),VC.IHR.PSRC.P5,..,..,..,..,..,..,..,..,..,..,..,..,..,..,..,..,..,..,..,..,..,..,..,..,..,..,..,..,..,..,..,..,..,..,..,..,..,..,..,..,..,..,..,..,..,..,..,..,..,..,..,3.955611649,3.228457876,..,..,..,..,..
Libya,LBY,Intentional homicides (per 100,000 people),VC.IHR.PSRC.P5,..,..,..,..,..,..,..,..,..,..,..,..,..,..,..,..,..,..,..,..,..,..,..,..,..,..,..,..,..,..,..,..,..,..,..,..,..,..,..,..,..,..,..,..,..,..,..,..,..,..,..,..,..,..,..,2.503876882,..,..
St. Lucia,LCA,Intentional homicides (per 100,000 people),VC.IHR.PSRC.P5,..,..,..,..,..,..,..,..,..,..,..,..,..,..,..,..,..,..,..,..,..,..,..,..,..,..,..,..,..,..,..,..,..,..,..,..,..,..,..,..,..,..,..,..,..,..,..,..,..,..,..,26.46233145,22.30674636,18.7862917,19.27208212,..,..,..
Latin America & Caribbean,LCN,Intentional homicides (per 100,000 people),VC.IHR.PSRC.P5,..,..,..,..,..,..,..,..,..,..,..,..,..,..,..,..,..,..,..,..,..,..,..,..,..,..,..,..,..,..,..,..,..,..,..,..,..,..,..,..,..,..,..,..,..,..,..,..,..,..,..,..,23.2,..,22.5,22.3,..,..
Least developed countries: UN classification,LDC,Intentional homicides (per 100,000 people),VC.IHR.PSRC.P5,..,..,..,..,..,..,..,..,..,..,..,..,..,..,..,..,..,..,..,..,..,..,..,..,..,..,..,..,..,..,..,..,..,..,..,..,..,..,..,..,..,..,..,..,..,..,..,..,..,..,..,..,10,..,6.3,6.2,..,..
Low income,LIC,Intentional homicides (per 100,000 people),VC.IHR.PSRC.P5,..,..,..,..,..,..,..,..,..,..,..,..,..,..,..,..,..,..,..,..,..,..,..,..,..,..,..,..,..,..,..,..,..,..,..,..,..,..,..,..,..,..,..,..,..,..,..,..,..,..,..,..,10.8,..,7.1,7,..,..
Liechtenstein,LIE,Intentional homicides (per 100,000 people),VC.IHR.PSRC.P5,..,..,..,..,..,..,..,..,..,..,..,..,..,..,..,..,..,..,..,..,..,..,..,..,..,..,..,..,..,..,..,..,..,..,..,..,..,..,..,..,..,..,..,..,..,..,..,..,..,..,..,0,0,0,2.693457592,0,0,..
Sri Lanka,LKA,Intentional homicides (per 100,000 people),VC.IHR.PSRC.P5,..,..,..,..,..,..,..,..,..,..,..,..,..,..,..,..,..,..,..,..,..,..,..,..,..,..,..,..,..,..,..,..,..,..,..,..,..,..,..,..,..,..,..,..,..,..,..,..,..,..,..,3.603245816,3.309741632,3.015506279,2.681398812,2.351062371,2.54954291,..
Lower middle income,LMC,Intentional homicides (per 100,000 people),VC.IHR.PSRC.P5,..,..,..,..,..,..,..,..,..,..,..,..,..,..,..,..,..,..,..,..,..,..,..,..,..,..,..,..,..,..,..,..,..,..,..,..,..,..,..,..,..,..,..,..,..,..,..,..,..,..,..,..,5.8,..,4.5,4.5,..,..
Low & middle income,LMY,Intentional homicides (per 100,000 people),VC.IHR.PSRC.P5,..,..,..,..,..,..,..,..,..,..,..,..,..,..,..,..,..,..,..,..,..,..,..,..,..,..,..,..,..,..,..,..,..,..,..,..,..,..,..,..,..,..,..,..,..,..,..,..,..,..,..,..,7,..,5.9,5.9,..,..
Lesotho,LSO,Intentional homicides (per 100,000 people),VC.IHR.PSRC.P5,..,..,..,..,..,..,..,..,..,..,..,..,..,..,..,..,..,..,..,..,..,..,..,..,..,..,..,..,..,..,..,..,..,..,..,..,..,..,..,..,..,..,..,..,..,..,..,..,..,..,..,34.49334986,30.67091306,31.07642013,..,41.24811176,..,..
Late-demographic dividend,LTE,Intentional homicides (per 100,000 people),VC.IHR.PSRC.P5,..,..,..,..,..,..,..,..,..,..,..,..,..,..,..,..,..,..,..,..,..,..,..,..,..,..,..,..,..,..,..,..,..,..,..,..,..,..,..,..,..,..,..,..,..,..,..,..,..,..,..,..,5,..,4.6,4.8,..,..
Lithuania,LTU,Intentional homicides (per 100,000 people),VC.IHR.PSRC.P5,..,..,..,..,..,..,..,..,..,..,..,..,..,..,..,..,..,..,..,..,..,..,..,..,..,..,..,..,..,..,..,..,..,..,..,..,..,..,..,..,..,..,..,..,..,..,..,..,..,..,..,6.850914045,6.650761907,6.605870417,5.368273705,5.866450927,5.246866438,..
Luxembourg,LUX,Intentional homicides (per 100,000 people),VC.IHR.PSRC.P5,..,..,..,..,..,..,..,..,..,..,..,..,..,..,..,..,..,..,..,..,..,..,..,..,..,..,..,..,..,..,..,..,..,..,..,..,..,..,..,..,..,..,..,..,..,..,..,..,..,..,..,0.7693180572,0,0.1835802181,0.7190158112,..,..,..
Latvia,LVA,Intentional homicides (per 100,000 people),VC.IHR.PSRC.P5,..,..,..,..,..,..,..,..,..,..,..,..,..,..,..,..,..,..,..,..,..,..,..,..,..,..,..,..,..,..,..,..,..,..,..,..,..,..,..,..,..,..,..,..,..,..,..,..,..,..,..,3.29750207,3.387576499,2.450038809,3.174406349,3.362334725,..,..
Macao SAR,MAC,Intentional homicides (per 100,000 people),VC.IHR.PSRC.P5,..,..,..,..,..,..,..,..,..,..,..,..,..,..,..,..,..,..,..,..,..,..,..,..,..,..,..,..,..,..,..,..,..,..,..,..,..,..,..,..,..,..,..,..,..,..,..,..,..,..,..,0.7280153029,0.7110719231,0.1736590482,0,0.1664054102,0.163630342,..
St. Martin (French part),MAF,Intentional homicides (per 100,000 people),VC.IHR.PSRC.P5,..,..,..,..,..,..,..,..,..,..,..,..,..,..,..,..,..,..,..,..,..,..,..,..,..,..,..,..,..,..,..,..,..,..,..,..,..,..,..,..,..,..,..,..,..,..,..,..,..,..,..,..,..,..,..,..,..,..
Morocco,MAR,Intentional homicides (per 100,000 people),VC.IHR.PSRC.P5,..,..,..,..,..,..,..,..,..,..,..,..,..,..,..,..,..,..,..,..,..,..,..,..,..,..,..,..,..,..,..,..,..,..,..,..,..,..,..,..,..,..,..,..,..,..,..,..,..,..,..,1.342105285,1.148984293,1.268301344,1.034440095,1.238387531,..,..
Monaco,MCO,Intentional homicides (per 100,000 people),VC.IHR.PSRC.P5,..,..,..,..,..,..,..,..,..,..,..,..,..,..,..,..,..,..,..,..,..,..,..,..,..,..,..,..,..,..,..,..,..,..,..,..,..,..,..,..,..,..,..,..,..,..,..,..,..,..,..,0,0,0,..,0,..,..
Moldova,MDA,Intentional homicides (per 100,000 people),VC.IHR.PSRC.P5,..,..,..,..,..,..,..,..,..,..,..,..,..,..,..,..,..,..,..,..,..,..,..,..,..,..,..,..,..,..,..,..,..,..,..,..,..,..,..,..,..,..,..,..,..,..,..,..,..,..,..,7.455790108,5.6214211,4.150331388,3.194151067,..,..,..
Madagascar,MDG,Intentional homicides (per 100,000 people),VC.IHR.PSRC.P5,..,..,..,..,..,..,..,..,..,..,..,..,..,..,..,..,..,..,..,..,..,..,..,..,..,..,..,..,..,..,..,..,..,..,..,..,..,..,..,..,..,..,..,..,..,..,..,..,..,..,..,..,..,..,..,7.686764627,..,..
Maldives,MDV,Intentional homicides (per 100,000 people),VC.IHR.PSRC.P5,..,..,..,..,..,..,..,..,..,..,..,..,..,..,..,..,..,..,..,..,..,..,..,..,..,..,..,..,..,..,..,..,..,..,..,..,..,..,..,..,..,..,..,..,..,..,..,..,..,..,..,0.7997206309,2.589311839,0.7549125937,..,..,..,..
Middle East & North Africa,MEA,Intentional homicides (per 100,000 people),VC.IHR.PSRC.P5,..,..,..,..,..,..,..,..,..,..,..,..,..,..,..,..,..,..,..,..,..,..,..,..,..,..,..,..,..,..,..,..,..,..,..,..,..,..,..,..,..,..,..,..,..,..,..,..,..,..,..,..,3.8,..,3.9,3.4,..,..
Mexico,MEX,Intentional homicides (per 100,000 people),VC.IHR.PSRC.P5,..,..,..,..,..,..,..,..,..,..,..,..,..,..,..,..,..,..,..,..,..,..,..,..,..,..,..,..,..,..,..,..,..,..,..,..,..,..,..,..,..,..,..,..,..,..,..,..,..,..,..,22.85078186,21.49082499,18.82141235,16.10830967,16.49205139,19.2639601,..
Marshall Islands,MHL,Intentional homicides (per 100,000 people),VC.IHR.PSRC.P5,..,..,..,..,..,..,..,..,..,..,..,..,..,..,..,..,..,..,..,..,..,..,..,..,..,..,..,..,..,..,..,..,..,..,..,..,..,..,..,..,..,..,..,..,..,..,..,..,..,..,..,..,..,..,..,..,..,..
Middle income,MIC,Intentional homicides (per 100,000 people),VC.IHR.PSRC.P5,..,..,..,..,..,..,..,..,..,..,..,..,..,..,..,..,..,..,..,..,..,..,..,..,..,..,..,..,..,..,..,..,..,..,..,..,..,..,..,..,..,..,..,..,..,..,..,..,..,..,..,..,6.6,..,5.8,5.8,..,..
Macedonia,MKD,Intentional homicides (per 100,000 people),VC.IHR.PSRC.P5,..,..,..,..,..,..,..,..,..,..,..,..,..,..,..,..,..,..,..,..,..,..,..,..,..,..,..,..,..,..,..,..,..,..,..,..,..,..,..,..,..,..,..,..,..,..,..,..,..,..,..,1.447608864,1.398239953,1.059863499,1.588451476,..,..,..
Mali,MLI,Intentional homicides (per 100,000 people),VC.IHR.PSRC.P5,..,..,..,..,..,..,..,..,..,..,..,..,..,..,..,..,..,..,..,..,..,..,..,..,..,..,..,..,..,..,..,..,..,..,..,..,..,..,..,..,..,..,..,..,..,..,..,..,..,..,..,..,..,..,..,10.90317598,..,..
Malta,MLT,Intentional homicides (per 100,000 people),VC.IHR.PSRC.P5,..,..,..,..,..,..,..,..,..,..,..,..,..,..,..,..,..,..,..,..,..,..,..,..,..,..,..,..,..,..,..,..,..,..,..,..,..,..,..,..,..,..,..,..,..,..,..,..,..,..,..,0.7170737654,2.851785574,1.653884502,1.409873816,0.9354186934,..,..
Myanmar,MMR,Intentional homicides (per 100,000 people),VC.IHR.PSRC.P5,..,..,..,..,..,..,..,..,..,..,..,..,..,..,..,..,..,..,..,..,..,..,..,..,..,..,..,..,..,..,..,..,..,..,..,..,..,..,..,..,..,..,..,..,..,..,..,..,..,..,..,2.0869174,2.816431027,2.406304003,2.368838473,2.198319358,2.265309853,..
Middle East & North Africa (excluding high income),MNA,Intentional homicides (per 100,000 people),VC.IHR.PSRC.P5,..,..,..,..,..,..,..,..,..,..,..,..,..,..,..,..,..,..,..,..,..,..,..,..,..,..,..,..,..,..,..,..,..,..,..,..,..,..,..,..,..,..,..,..,..,..,..,..,..,..,..,..,4.2,..,3.9,3.7,..,..
Montenegro,MNE,Intentional homicides (per 100,000 people),VC.IHR.PSRC.P5,..,..,..,..,..,..,..,..,..,..,..,..,..,..,..,..,..,..,..,..,..,..,..,..,..,..,..,..,..,..,..,..,..,..,..,..,..,..,..,..,..,..,..,..,..,..,..,..,..,..,..,3.35749665,2.713981475,1.59465726,3.186367446,2.706239314,4.455617436,..
Mongolia,MNG,Intentional homicides (per 100,000 people),VC.IHR.PSRC.P5,..,..,..,..,..,..,..,..,..,..,..,..,..,..,..,..,..,..,..,..,..,..,..,..,..,..,..,..,..,..,..,..,..,..,..,..,..,..,..,..,..,..,..,..,..,..,..,..,..,..,..,9.632390325,7.071216029,7.145080333,7.284800827,6.180974222,5.655921518,..
Northern Mariana Islands,MNP,Intentional homicides (per 100,000 people),VC.IHR.PSRC.P5,..,..,..,..,..,..,..,..,..,..,..,..,..,..,..,..,..,..,..,..,..,..,..,..,..,..,..,..,..,..,..,..,..,..,..,..,..,..,..,..,..,..,..,..,..,..,..,..,..,..,..,..,..,..,..,..,..,..
Mozambique,MOZ,Intentional homicides (per 100,000 people),VC.IHR.PSRC.P5,..,..,..,..,..,..,..,..,..,..,..,..,..,..,..,..,..,..,..,..,..,..,..,..,..,..,..,..,..,..,..,..,..,..,..,..,..,..,..,..,..,..,..,..,..,..,..,..,..,..,..,3.404305825,..,..,..,..,..,..
Mauritania,MRT,Intentional homicides (per 100,000 people),VC.IHR.PSRC.P5,..,..,..,..,..,..,..,..,..,..,..,..,..,..,..,..,..,..,..,..,..,..,..,..,..,..,..,..,..,..,..,..,..,..,..,..,..,..,..,..,..,..,..,..,..,..,..,..,..,..,..,..,..,..,..,9.941685762,..,..
Mauritius,MUS,Intentional homicides (per 100,000 people),VC.IHR.PSRC.P5,..,..,..,..,..,..,..,..,..,..,..,..,..,..,..,..,..,..,..,..,..,..,..,..,..,..,..,..,..,..,..,..,..,..,..,..,..,..,..,..,..,..,..,..,..,..,..,..,..,..,..,2.717775772,2.313760251,2.788200336,1.511272101,1.667386554,1.821944963,..
Malawi,MWI,Intentional homicides (per 100,000 people),VC.IHR.PSRC.P5,..,..,..,..,..,..,..,..,..,..,..,..,..,..,..,..,..,..,..,..,..,..,..,..,..,..,..,..,..,..,..,..,..,..,..,..,..,..,..,..,..,..,..,..,..,..,..,..,..,..,..,2.194832251,1.733209379,..,..,..,..,..
Malaysia,MYS,Intentional homicides (per 100,000 people),VC.IHR.PSRC.P5,..,..,..,..,..,..,..,..,..,..,..,..,..,..,..,..,..,..,..,..,..,..,..,..,..,..,..,..,..,..,..,..,..,..,..,..,..,..,..,..,..,..,..,..,..,..,..,..,..,..,..,1.850873515,2.06373188,2.110633269,..,..,..,..
North America,NAC,Intentional homicides (per 100,000 people),VC.IHR.PSRC.P5,..,..,..,..,..,..,..,..,..,..,..,..,..,..,..,..,..,..,..,..,..,..,..,..,..,..,..,..,..,..,..,..,..,..,..,..,..,..,..,..,..,..,..,..,..,..,..,..,..,..,..,..,4.4,..,3.6,4.6,..,..
Namibia,NAM,Intentional homicides (per 100,000 people),VC.IHR.PSRC.P5,..,..,..,..,..,..,..,..,..,..,..,..,..,..,..,..,..,..,..,..,..,..,..,..,..,..,..,..,..,..,..,..,..,..,..,..,..,..,..,..,..,..,..,..,..,..,..,..,..,..,..,13.90129449,17.1383088,..,..,..,..,..
New Caledonia,NCL,Intentional homicides (per 100,000 people),VC.IHR.PSRC.P5,..,..,..,..,..,..,..,..,..,..,..,..,..,..,..,..,..,..,..,..,..,..,..,..,..,..,..,..,..,..,..,..,..,..,..,..,..,..,..,..,..,..,..,..,..,..,..,..,..,..,..,..,..,..,..,..,..,..
Niger,NER,Intentional homicides (per 100,000 people),VC.IHR.PSRC.P5,..,..,..,..,..,..,..,..,..,..,..,..,..,..,..,..,..,..,..,..,..,..,..,..,..,..,..,..,..,..,..,..,..,..,..,..,..,..,..,..,..,..,..,..,..,..,..,..,..,..,..,4.869720046,4.444034881,..,..,..,..,..
Nigeria,NGA,Intentional homicides (per 100,000 people),VC.IHR.PSRC.P5,..,..,..,..,..,..,..,..,..,..,..,..,..,..,..,..,..,..,..,..,..,..,..,..,..,..,..,..,..,..,..,..,..,..,..,..,..,..,..,..,..,..,..,..,..,..,..,..,..,..,..,..,..,..,..,9.848349858,..,..
Nicaragua,NIC,Intentional homicides (per 100,000 people),VC.IHR.PSRC.P5,..,..,..,..,..,..,..,..,..,..,..,..,..,..,..,..,..,..,..,..,..,..,..,..,..,..,..,..,..,..,..,..,..,..,..,..,..,..,..,..,..,..,..,..,..,..,..,..,..,..,..,12.70700538,11.45121036,9.990334268,8.729635216,8.615537398,7.367124637,..
Netherlands,NLD,Intentional homicides (per 100,000 people),VC.IHR.PSRC.P5,..,..,..,..,..,..,..,..,..,..,..,..,..,..,..,..,..,..,..,..,..,..,..,..,..,..,..,..,..,..,..,..,..,..,..,..,..,..,..,..,..,..,..,..,..,..,..,..,..,..,..,0.8543943533,0.8636558433,0.7422935529,0.7282693313,0.6139859264,0.5533629041,..
Norway,NOR,Intentional homicides (per 100,000 people),VC.IHR.PSRC.P5,..,..,..,..,..,..,..,..,..,..,..,..,..,..,..,..,..,..,..,..,..,..,..,..,..,..,..,..,..,..,..,..,..,..,..,..,..,..,..,..,..,..,..,..,..,..,..,..,..,..,..,2.243514273,0.5387063506,0.9060288539,0.5641681992,0.4615530182,0.5143052285,..
Nepal,NPL,Intentional homicides (per 100,000 people),VC.IHR.PSRC.P5,..,..,..,..,..,..,..,..,..,..,..,..,..,..,..,..,..,..,..,..,..,..,..,..,..,..,..,..,..,..,..,..,..,..,..,..,..,..,..,..,..,..,..,..,..,..,..,..,..,..,..,2.484708704,2.321886949,2.165421787,1.970113519,..,2.163779187,..
Nauru,NRU,Intentional homicides (per 100,000 people),VC.IHR.PSRC.P5,..,..,..,..,..,..,..,..,..,..,..,..,..,..,..,..,..,..,..,..,..,..,..,..,..,..,..,..,..,..,..,..,..,..,..,..,..,..,..,..,..,..,..,..,..,..,..,..,..,..,..,..,0,..,..,..,..,..
New Zealand,NZL,Intentional homicides (per 100,000 people),VC.IHR.PSRC.P5,..,..,..,..,..,..,..,..,..,..,..,..,..,..,..,..,..,..,..,..,..,..,..,..,..,..,..,..,..,..,..,..,..,..,..,..,..,..,..,..,..,..,..,..,..,..,..,..,..,..,..,0.8826794527,0.917689312,1.018256227,0.9853942672,..,..,..
OECD members,OED,Intentional homicides (per 100,000 people),VC.IHR.PSRC.P5,..,..,..,..,..,..,..,..,..,..,..,..,..,..,..,..,..,..,..,..,..,..,..,..,..,..,..,..,..,..,..,..,..,..,..,..,..,..,..,..,..,..,..,..,..,..,..,..,..,..,..,..,4,..,3.3,3.6,..,..
Oman,OMN,Intentional homicides (per 100,000 people),VC.IHR.PSRC.P5,..,..,..,..,..,..,..,..,..,..,..,..,..,..,..,..,..,..,..,..,..,..,..,..,..,..,..,..,..,..,..,..,..,..,..,..,..,..,..,..,..,..,..,..,..,..,..,..,..,..,..,1.050268313,1.125656777,2.613511965,0.6564123279,..,..,..
Other small states,OSS,Intentional homicides (per 100,000 people),VC.IHR.PSRC.P5,..,..,..,..,..,..,..,..,..,..,..,..,..,..,..,..,..,..,..,..,..,..,..,..,..,..,..,..,..,..,..,..,..,..,..,..,..,..,..,..,..,..,..,..,..,..,..,..,..,..,..,..,11.4,..,10,9.2,..,..
Pakistan,PAK,Intentional homicides (per 100,000 people),VC.IHR.PSRC.P5,..,..,..,..,..,..,..,..,..,..,..,..,..,..,..,..,..,..,..,..,..,..,..,..,..,..,..,..,..,..,..,..,..,..,..,..,..,..,..,..,..,..,..,..,..,..,..,..,..,..,..,7.957090728,7.782519641,7.669804066,7.155089095,5.008963092,4.408395266,..
Panama,PAN,Intentional homicides (per 100,000 people),VC.IHR.PSRC.P5,..,..,..,..,..,..,..,..,..,..,..,..,..,..,..,..,..,..,..,..,..,..,..,..,..,..,..,..,..,..,..,..,..,..,..,..,..,..,..,..,..,..,..,..,..,..,..,..,..,..,..,14.80669576,16.88339432,17.27254301,14.5492325,11.26157618,9.669590586,..
Peru,PER,Intentional homicides (per 100,000 people),VC.IHR.PSRC.P5,..,..,..,..,..,..,..,..,..,..,..,..,..,..,..,..,..,..,..,..,..,..,..,..,..,..,..,..,..,..,..,..,..,..,..,..,..,..,..,..,..,..,..,..,..,..,..,..,..,..,..,5.43346975,6.525422655,6.585810062,6.702535347,7.161371581,7.665964527,..
Philippines,PHL,Intentional homicides (per 100,000 people),VC.IHR.PSRC.P5,..,..,..,..,..,..,..,..,..,..,..,..,..,..,..,..,..,..,..,..,..,..,..,..,..,..,..,..,..,..,..,..,..,..,..,..,..,..,..,..,..,..,..,..,..,..,..,..,..,..,..,9.103891205,8.758433063,9.294175553,9.746034777,9.480284287,11.01982824,..
Palau,PLW,Intentional homicides (per 100,000 people),VC.IHR.PSRC.P5,..,..,..,..,..,..,..,..,..,..,..,..,..,..,..,..,..,..,..,..,..,..,..,..,..,..,..,..,..,..,..,..,..,..,..,..,..,..,..,..,..,..,..,..,..,..,..,..,..,..,..,..,3.112429425,..,..,..,..,..
Papua New Guinea,PNG,Intentional homicides (per 100,000 people),VC.IHR.PSRC.P5,..,..,..,..,..,..,..,..,..,..,..,..,..,..,..,..,..,..,..,..,..,..,..,..,..,..,..,..,..,..,..,..,..,..,..,..,..,..,..,..,..,..,..,..,..,..,..,..,..,..,..,..,..,..,..,..,..,..
Poland,POL,Intentional homicides (per 100,000 people),VC.IHR.PSRC.P5,..,..,..,..,..,..,..,..,..,..,..,..,..,..,..,..,..,..,..,..,..,..,..,..,..,..,..,..,..,..,..,..,..,..,..,..,..,..,..,..,..,..,..,..,..,..,..,..,..,..,..,1.171682944,0.983887113,0.7726552907,0.7364258693,0.7500282371,0.6701461703,..
Pre-demographic dividend,PRE,Intentional homicides (per 100,000 people),VC.IHR.PSRC.P5,..,..,..,..,..,..,..,..,..,..,..,..,..,..,..,..,..,..,..,..,..,..,..,..,..,..,..,..,..,..,..,..,..,..,..,..,..,..,..,..,..,..,..,..,..,..,..,..,..,..,..,..,13.3,..,8.2,8.1,..,..
Puerto Rico,PRI,Intentional homicides (per 100,000 people),VC.IHR.PSRC.P5,..,..,..,..,..,..,..,..,..,..,..,..,..,..,..,..,..,..,..,..,..,..,..,..,..,..,..,..,..,..,..,..,..,..,..,..,..,..,..,..,..,..,..,..,..,..,..,..,..,..,..,31.40018948,27.15292397,24.45290687,19.01804405,16.84936936,18.50587138,..
Dem. People's Rep. of Korea,PRK,Intentional homicides (per 100,000 people),VC.IHR.PSRC.P5,..,..,..,..,..,..,..,..,..,..,..,..,..,..,..,..,..,..,..,..,..,..,..,..,..,..,..,..,..,..,..,..,..,..,..,..,..,..,..,..,..,..,..,..,..,..,..,..,..,..,..,..,..,..,..,4.395841376,..,..
Portugal,PRT,Intentional homicides (per 100,000 people),VC.IHR.PSRC.P5,..,..,..,..,..,..,..,..,..,..,..,..,..,..,..,..,..,..,..,..,..,..,..,..,..,..,..,..,..,..,..,..,..,..,..,..,..,..,..,..,..,..,..,..,..,..,..,..,..,..,..,1.072907853,1.152920655,1.36782351,0.8786030365,0.9598335572,0.6359328418,..
Paraguay,PRY,Intentional homicides (per 100,000 people),VC.IHR.PSRC.P5,..,..,..,..,..,..,..,..,..,..,..,..,..,..,..,..,..,..,..,..,..,..,..,..,..,..,..,..,..,..,..,..,..,..,..,..,..,..,..,..,..,..,..,..,..,..,..,..,..,..,..,10.43887277,10.17365919,9.341544819,8.820947583,9.29340173,..,..
West Bank and Gaza,PSE,Intentional homicides (per 100,000 people),VC.IHR.PSRC.P5,..,..,..,..,..,..,..,..,..,..,..,..,..,..,..,..,..,..,..,..,..,..,..,..,..,..,..,..,..,..,..,..,..,..,..,..,..,..,..,..,..,..,..,..,..,..,..,..,..,..,..,0.5743172505,0.6053607018,0.5436451954,0.7713626121,0.9650679708,0.6882407765,..
Pacific island small states,PSS,Intentional homicides (per 100,000 people),VC.IHR.PSRC.P5,..,..,..,..,..,..,..,..,..,..,..,..,..,..,..,..,..,..,..,..,..,..,..,..,..,..,..,..,..,..,..,..,..,..,..,..,..,..,..,..,..,..,..,..,..,..,..,..,..,..,..,..,4,..,3.5,3.4,..,..
Post-demographic dividend,PST,Intentional homicides (per 100,000 people),VC.IHR.PSRC.P5,..,..,..,..,..,..,..,..,..,..,..,..,..,..,..,..,..,..,..,..,..,..,..,..,..,..,..,..,..,..,..,..,..,..,..,..,..,..,..,..,..,..,..,..,..,..,..,..,..,..,..,..,2.2,..,1.9,2.3,..,..
French Polynesia,PYF,Intentional homicides (per 100,000 people),VC.IHR.PSRC.P5,..,..,..,..,..,..,..,..,..,..,..,..,..,..,..,..,..,..,..,..,..,..,..,..,..,..,..,..,..,..,..,..,..,..,..,..,..,..,..,..,..,..,..,..,..,..,..,..,..,..,..,..,..,..,..,..,..,..
Qatar,QAT,Intentional homicides (per 100,000 people),VC.IHR.PSRC.P5,..,..,..,..,..,..,..,..,..,..,..,..,..,..,..,..,..,..,..,..,..,..,..,..,..,..,..,..,..,..,..,..,..,..,..,..,..,..,..,..,..,..,..,..,..,..,..,..,..,..,..,0.2049123641,0.3318214914,0.3999159288,0.3790400936,..,..,..
Romania,ROU,Intentional homicides (per 100,000 people),VC.IHR.PSRC.P5,..,..,..,..,..,..,..,..,..,..,..,..,..,..,..,..,..,..,..,..,..,..,..,..,..,..,..,..,..,..,..,..,..,..,..,..,..,..,..,..,..,..,..,..,..,..,..,..,..,..,..,1.650818237,1.873953802,1.674290585,1.492033941,1.464031537,1.248801252,..
Russian Federation,RUS,Intentional homicides (per 100,000 people),VC.IHR.PSRC.P5,..,..,..,..,..,..,..,..,..,..,..,..,..,..,..,..,..,..,..,..,..,..,..,..,..,..,..,..,..,..,..,..,..,..,..,..,..,..,..,..,..,..,..,..,..,..,..,..,..,..,..,..,..,10.97723125,11.31040911,11.4804567,10.8161824,..
Rwanda,RWA,Intentional homicides (per 100,000 people),VC.IHR.PSRC.P5,..,..,..,..,..,..,..,..,..,..,..,..,..,..,..,..,..,..,..,..,..,..,..,..,..,..,..,..,..,..,..,..,..,..,..,..,..,..,..,..,..,..,..,..,..,..,..,..,..,..,..,..,2.372819428,3.244420252,3.772468332,2.519443353,..,..
South Asia,SAS,Intentional homicides (per 100,000 people),VC.IHR.PSRC.P5,..,..,..,..,..,..,..,..,..,..,..,..,..,..,..,..,..,..,..,..,..,..,..,..,..,..,..,..,..,..,..,..,..,..,..,..,..,..,..,..,..,..,..,..,..,..,..,..,..,..,..,..,3.9,..,3.7,3.6,..,..
Saudi Arabia,SAU,Intentional homicides (per 100,000 people),VC.IHR.PSRC.P5,..,..,..,..,..,..,..,..,..,..,..,..,..,..,..,..,..,..,..,..,..,..,..,..,..,..,..,..,..,..,..,..,..,..,..,..,..,..,..,..,..,..,..,..,..,..,..,..,..,..,..,..,..,..,..,1.495699357,..,..
Sudan,SDN,Intentional homicides (per 100,000 people),VC.IHR.PSRC.P5,..,..,..,..,..,..,..,..,..,..,..,..,..,..,..,..,..,..,..,..,..,..,..,..,..,..,..,..,..,..,..,..,..,..,..,..,..,..,..,..,..,..,..,..,..,..,..,..,..,..,..,..,..,..,..,..,..,..
Senegal,SEN,Intentional homicides (per 100,000 people),VC.IHR.PSRC.P5,..,..,..,..,..,..,..,..,..,..,..,..,..,..,..,..,..,..,..,..,..,..,..,..,..,..,..,..,..,..,..,..,..,..,..,..,..,..,..,..,..,..,..,..,..,..,..,..,..,..,..,..,..,..,..,7.375585214,..,..
Singapore,SGP,Intentional homicides (per 100,000 people),VC.IHR.PSRC.P5,..,..,..,..,..,..,..,..,..,..,..,..,..,..,..,..,..,..,..,..,..,..,..,..,..,..,..,..,..,..,..,..,..,..,..,..,..,..,..,..,..,..,..,..,..,..,..,..,..,..,..,0.3091179956,0.2086907162,0.3171146595,0.256958906,0.2529238905,0.3205579361,..
Solomon Islands,SLB,Intentional homicides (per 100,000 people),VC.IHR.PSRC.P5,..,..,..,..,..,..,..,..,..,..,..,..,..,..,..,..,..,..,..,..,..,..,..,..,..,..,..,..,..,..,..,..,..,..,..,..,..,..,..,..,..,..,..,..,..,..,..,..,..,..,..,..,..,..,..,..,..,..
Sierra Leone,SLE,Intentional homicides (per 100,000 people),VC.IHR.PSRC.P5,..,..,..,..,..,..,..,..,..,..,..,..,..,..,..,..,..,..,..,..,..,..,..,..,..,..,..,..,..,..,..,..,..,..,..,..,..,..,..,..,..,..,..,..,..,..,..,..,..,..,..,2.828322916,1.670089858,..,..,1.713411243,..,..
El Salvador,SLV,Intentional homicides (per 100,000 people),VC.IHR.PSRC.P5,..,..,..,..,..,..,..,..,..,..,..,..,..,..,..,..,..,..,..,..,..,..,..,..,..,..,..,..,..,..,..,..,..,..,..,..,..,..,..,..,..,..,..,..,..,..,..,..,..,..,..,70.58470164,41.69582749,40.20300196,62.42448683,105.4419516,82.8422575,..
San Marino,SMR,Intentional homicides (per 100,000 people),VC.IHR.PSRC.P5,..,..,..,..,..,..,..,..,..,..,..,..,..,..,..,..,..,..,..,..,..,..,..,..,..,..,..,..,..,..,..,..,..,..,..,..,..,..,..,..,..,..,..,..,..,..,..,..,..,..,..,0,..,..,..,..,..,..
Somalia,SOM,Intentional homicides (per 100,000 people),VC.IHR.PSRC.P5,..,..,..,..,..,..,..,..,..,..,..,..,..,..,..,..,..,..,..,..,..,..,..,..,..,..,..,..,..,..,..,..,..,..,..,..,..,..,..,..,..,..,..,..,..,..,..,..,..,..,..,..,..,..,..,4.308456945,..,..
Serbia,SRB,Intentional homicides (per 100,000 people),VC.IHR.PSRC.P5,..,..,..,..,..,..,..,..,..,..,..,..,..,..,..,..,..,..,..,..,..,..,..,..,..,..,..,..,..,..,..,..,..,..,..,..,..,..,..,..,..,..,..,..,..,..,..,..,..,..,..,1.501043058,1.239256428,1.591889882,1.350634663,1.174971304,1.39427214,..
Sub-Saharan Africa (excluding high income),SSA,Intentional homicides (per 100,000 people),VC.IHR.PSRC.P5,..,..,..,..,..,..,..,..,..,..,..,..,..,..,..,..,..,..,..,..,..,..,..,..,..,..,..,..,..,..,..,..,..,..,..,..,..,..,..,..,..,..,..,..,..,..,..,..,..,..,..,..,14.4,..,9.5,9.4,..,..
South Sudan,SSD,Intentional homicides (per 100,000 people),VC.IHR.PSRC.P5,..,..,..,..,..,..,..,..,..,..,..,..,..,..,..,..,..,..,..,..,..,..,..,..,..,..,..,..,..,..,..,..,..,..,..,..,..,..,..,..,..,..,..,..,..,..,..,..,..,..,..,..,13.90242311,..,..,..,..,..
Sub-Saharan Africa,SSF,Intentional homicides (per 100,000 people),VC.IHR.PSRC.P5,..,..,..,..,..,..,..,..,..,..,..,..,..,..,..,..,..,..,..,..,..,..,..,..,..,..,..,..,..,..,..,..,..,..,..,..,..,..,..,..,..,..,..,..,..,..,..,..,..,..,..,..,14.4,..,9.5,9.4,..,..
Small states,SST,Intentional homicides (per 100,000 people),VC.IHR.PSRC.P5,..,..,..,..,..,..,..,..,..,..,..,..,..,..,..,..,..,..,..,..,..,..,..,..,..,..,..,..,..,..,..,..,..,..,..,..,..,..,..,..,..,..,..,..,..,..,..,..,..,..,..,..,14.4,..,13,13,..,..
Sao Tome and Principe,STP,Intentional homicides (per 100,000 people),VC.IHR.PSRC.P5,..,..,..,..,..,..,..,..,..,..,..,..,..,..,..,..,..,..,..,..,..,..,..,..,..,..,..,..,..,..,..,..,..,..,..,..,..,..,..,..,..,..,..,..,..,..,..,..,..,..,..,3.355704698,..,..,..,..,..,..
Suriname,SUR,Intentional homicides (per 100,000 people),VC.IHR.PSRC.P5,..,..,..,..,..,..,..,..,..,..,..,..,..,..,..,..,..,..,..,..,..,..,..,..,..,..,..,..,..,..,..,..,..,..,..,..,..,..,..,..,..,..,..,..,..,..,..,..,..,..,..,..,..,..,..,..,..,..
Slovak Republic,SVK,Intentional homicides (per 100,000 people),VC.IHR.PSRC.P5,..,..,..,..,..,..,..,..,..,..,..,..,..,..,..,..,..,..,..,..,..,..,..,..,..,..,..,..,..,..,..,..,..,..,..,..,..,..,..,..,..,..,..,..,..,..,..,..,..,..,..,1.626663379,1.162990325,1.308724399,1.270053734,0.8089249424,1.047459855,..
Slovenia,SVN,Intentional homicides (per 100,000 people),VC.IHR.PSRC.P5,..,..,..,..,..,..,..,..,..,..,..,..,..,..,..,..,..,..,..,..,..,..,..,..,..,..,..,..,..,..,..,..,..,..,..,..,..,..,..,..,..,..,..,..,..,..,..,..,..,..,..,0.7791818201,0.6794830105,0.580799073,0.8209209284,0.9639539076,0.4816398411,..
Sweden,SWE,Intentional homicides (per 100,000 people),VC.IHR.PSRC.P5,..,..,..,..,..,..,..,..,..,..,..,..,..,..,..,..,..,..,..,..,..,..,..,..,..,..,..,..,..,..,..,..,..,..,..,..,..,..,..,..,..,..,..,..,..,..,..,..,..,..,..,0.8557038259,0.7127204992,0.9048129497,0.8978906382,1.147121978,1.077762868,..
Eswatini,SWZ,Intentional homicides (per 100,000 people),VC.IHR.PSRC.P5,..,..,..,..,..,..,..,..,..,..,..,..,..,..,..,..,..,..,..,..,..,..,..,..,..,..,..,..,..,..,..,..,..,..,..,..,..,..,..,..,..,..,..,..,..,..,..,..,..,..,..,..,..,..,..,..,..,..
Sint Maarten (Dutch part),SXM,Intentional homicides (per 100,000 people),VC.IHR.PSRC.P5,..,..,..,..,..,..,..,..,..,..,..,..,..,..,..,..,..,..,..,..,..,..,..,..,..,..,..,..,..,..,..,..,..,..,..,..,..,..,..,..,..,..,..,..,..,..,..,..,..,..,..,..,..,..,..,..,..,..
Seychelles,SYC,Intentional homicides (per 100,000 people),VC.IHR.PSRC.P5,..,..,..,..,..,..,..,..,..,..,..,..,..,..,..,..,..,..,..,..,..,..,..,..,..,..,..,..,..,..,..,..,..,..,..,..,..,..,..,..,..,..,..,..,..,..,..,..,..,..,..,17.42274103,4.334398873,19.40386999,17.15744097,7.467303877,12.73687942,..
Syrian Arab Republic,SYR,Intentional homicides (per 100,000 people),VC.IHR.PSRC.P5,..,..,..,..,..,..,..,..,..,..,..,..,..,..,..,..,..,..,..,..,..,..,..,..,..,..,..,..,..,..,..,..,..,..,..,..,..,..,..,..,..,..,..,..,..,..,..,..,..,..,..,..,..,..,..,..,..,..
Turks and Caicos Islands,TCA,Intentional homicides (per 100,000 people),VC.IHR.PSRC.P5,..,..,..,..,..,..,..,..,..,..,..,..,..,..,..,..,..,..,..,..,..,..,..,..,..,..,..,..,..,..,..,..,..,..,..,..,..,..,..,..,..,..,..,..,..,..,..,..,..,..,..,..,..,12.0816721,5.927857969,..,..,..
Chad,TCD,Intentional homicides (per 100,000 people),VC.IHR.PSRC.P5,..,..,..,..,..,..,..,..,..,..,..,..,..,..,..,..,..,..,..,..,..,..,..,..,..,..,..,..,..,..,..,..,..,..,..,..,..,..,..,..,..,..,..,..,..,..,..,..,..,..,..,..,..,..,..,9.040300293,..,..
East Asia & Pacific (IDA & IBRD countries),TEA,Intentional homicides (per 100,000 people),VC.IHR.PSRC.P5,..,..,..,..,..,..,..,..,..,..,..,..,..,..,..,..,..,..,..,..,..,..,..,..,..,..,..,..,..,..,..,..,..,..,..,..,..,..,..,..,..,..,..,..,..,..,..,..,..,..,..,..,2.1,..,1.5,1.4,..,..
Europe & Central Asia (IDA & IBRD countries),TEC,Intentional homicides (per 100,000 people),VC.IHR.PSRC.P5,..,..,..,..,..,..,..,..,..,..,..,..,..,..,..,..,..,..,..,..,..,..,..,..,..,..,..,..,..,..,..,..,..,..,..,..,..,..,..,..,..,..,..,..,..,..,..,..,..,..,..,..,5.2,..,5.1,5.7,..,..
Togo,TGO,Intentional homicides (per 100,000 people),VC.IHR.PSRC.P5,..,..,..,..,..,..,..,..,..,..,..,..,..,..,..,..,..,..,..,..,..,..,..,..,..,..,..,..,..,..,..,..,..,..,..,..,..,..,..,..,..,..,..,..,..,..,..,..,..,..,..,..,..,..,..,8.999917767,..,..
Thailand,THA,Intentional homicides (per 100,000 people),VC.IHR.PSRC.P5,..,..,..,..,..,..,..,..,..,..,..,..,..,..,..,..,..,..,..,..,..,..,..,..,..,..,..,..,..,..,..,..,..,..,..,..,..,..,..,..,..,..,..,..,..,..,..,..,..,..,..,4.897073351,4.898002813,4.246947213,3.87185762,3.476672648,3.239437244,..
Tajikistan,TJK,Intentional homicides (per 100,000 people),VC.IHR.PSRC.P5,..,..,..,..,..,..,..,..,..,..,..,..,..,..,..,..,..,..,..,..,..,..,..,..,..,..,..,..,..,..,..,..,..,..,..,..,..,..,..,..,..,..,..,..,..,..,..,..,..,..,..,1.612088308,..,..,..,..,..,..
Turkmenistan,TKM,Intentional homicides (per 100,000 people),VC.IHR.PSRC.P5,..,..,..,..,..,..,..,..,..,..,..,..,..,..,..,..,..,..,..,..,..,..,..,..,..,..,..,..,..,..,..,..,..,..,..,..,..,..,..,..,..,..,..,..,..,..,..,..,..,..,..,..,..,..,..,..,..,..
Latin America & the Caribbean (IDA & IBRD countries),TLA,Intentional homicides (per 100,000 people),VC.IHR.PSRC.P5,..,..,..,..,..,..,..,..,..,..,..,..,..,..,..,..,..,..,..,..,..,..,..,..,..,..,..,..,..,..,..,..,..,..,..,..,..,..,..,..,..,..,..,..,..,..,..,..,..,..,..,..,23.6,..,22.9,22.7,..,..
Timor-Leste,TLS,Intentional homicides (per 100,000 people),VC.IHR.PSRC.P5,..,..,..,..,..,..,..,..,..,..,..,..,..,..,..,..,..,..,..,..,..,..,..,..,..,..,..,..,..,..,..,..,..,..,..,..,..,..,..,..,..,..,..,..,..,..,..,..,..,..,..,..,..,..,..,3.948501866,..,..
Middle East & North Africa (IDA & IBRD countries),TMN,Intentional homicides (per 100,000 people),VC.IHR.PSRC.P5,..,..,..,..,..,..,..,..,..,..,..,..,..,..,..,..,..,..,..,..,..,..,..,..,..,..,..,..,..,..,..,..,..,..,..,..,..,..,..,..,..,..,..,..,..,..,..,..,..,..,..,..,4.2,..,3.9,3.8,..,..
Tonga,TON,Intentional homicides (per 100,000 people),VC.IHR.PSRC.P5,..,..,..,..,..,..,..,..,..,..,..,..,..,..,..,..,..,..,..,..,..,..,..,..,..,..,..,..,..,..,..,..,..,..,..,..,..,..,..,..,..,..,..,..,..,..,..,..,..,..,..,1.912466412,0.9528256043,..,..,..,..,..
South Asia (IDA & IBRD),TSA,Intentional homicides (per 100,000 people),VC.IHR.PSRC.P5,..,..,..,..,..,..,..,..,..,..,..,..,..,..,..,..,..,..,..,..,..,..,..,..,..,..,..,..,..,..,..,..,..,..,..,..,..,..,..,..,..,..,..,..,..,..,..,..,..,..,..,..,3.9,..,3.7,3.6,..,..
Sub-Saharan Africa (IDA & IBRD countries),TSS,Intentional homicides (per 100,000 people),VC.IHR.PSRC.P5,..,..,..,..,..,..,..,..,..,..,..,..,..,..,..,..,..,..,..,..,..,..,..,..,..,..,..,..,..,..,..,..,..,..,..,..,..,..,..,..,..,..,..,..,..,..,..,..,..,..,..,..,14.4,..,9.5,9.4,..,..
Trinidad and Tobago,TTO,Intentional homicides (per 100,000 people),VC.IHR.PSRC.P5,..,..,..,..,..,..,..,..,..,..,..,..,..,..,..,..,..,..,..,..,..,..,..,..,..,..,..,..,..,..,..,..,..,..,..,..,..,..,..,..,..,..,..,..,..,..,..,..,..,..,..,26.37122899,28.32464214,30.26149492,29.90048675,30.88026398,..,..
Tunisia,TUN,Intentional homicides (per 100,000 people),VC.IHR.PSRC.P5,..,..,..,..,..,..,..,..,..,..,..,..,..,..,..,..,..,..,..,..,..,..,..,..,..,..,..,..,..,..,..,..,..,..,..,..,..,..,..,..,..,..,..,..,..,..,..,..,..,..,..,..,3.049601586,..,..,..,..,..
Turkey,TUR,Intentional homicides (per 100,000 people),VC.IHR.PSRC.P5,..,..,..,..,..,..,..,..,..,..,..,..,..,..,..,..,..,..,..,..,..,..,..,..,..,..,..,..,..,..,..,..,..,..,..,..,..,..,..,..,..,..,..,..,..,..,..,..,..,..,..,4.169762601,4.312733989,..,..,..,..,..
Tuvalu,TUV,Intentional homicides (per 100,000 people),VC.IHR.PSRC.P5,..,..,..,..,..,..,..,..,..,..,..,..,..,..,..,..,..,..,..,..,..,..,..,..,..,..,..,..,..,..,..,..,..,..,..,..,..,..,..,..,..,..,..,..,..,..,..,..,..,..,..,9.409108017,18.64801865,..,..,..,..,..
Tanzania,TZA,Intentional homicides (per 100,000 people),VC.IHR.PSRC.P5,..,..,..,..,..,..,..,..,..,..,..,..,..,..,..,..,..,..,..,..,..,..,..,..,..,..,..,..,..,..,..,..,..,..,..,..,..,..,..,..,..,..,..,..,..,..,..,..,..,..,..,8.721718163,8.336899232,7.30104384,7.470105841,6.952492557,..,..
Uganda,UGA,Intentional homicides (per 100,000 people),VC.IHR.PSRC.P5,..,..,..,..,..,..,..,..,..,..,..,..,..,..,..,..,..,..,..,..,..,..,..,..,..,..,..,..,..,..,..,..,..,..,..,..,..,..,..,..,..,..,..,..,..,..,..,..,..,..,..,10.69424302,11.19900528,10.27061869,11.51845355,..,..,..
Ukraine,UKR,Intentional homicides (per 100,000 people),VC.IHR.PSRC.P5,..,..,..,..,..,..,..,..,..,..,..,..,..,..,..,..,..,..,..,..,..,..,..,..,..,..,..,..,..,..,..,..,..,..,..,..,..,..,..,..,..,..,..,..,..,..,..,..,..,..,..,..,5.151123171,..,6.338642687,..,..,..
Upper middle income,UMC,Intentional homicides (per 100,000 people),VC.IHR.PSRC.P5,..,..,..,..,..,..,..,..,..,..,..,..,..,..,..,..,..,..,..,..,..,..,..,..,..,..,..,..,..,..,..,..,..,..,..,..,..,..,..,..,..,..,..,..,..,..,..,..,..,..,..,..,7.4,..,7.3,7.2,..,..
Uruguay,URY,Intentional homicides (per 100,000 people),VC.IHR.PSRC.P5,..,..,..,..,..,..,..,..,..,..,..,..,..,..,..,..,..,..,..,..,..,..,..,..,..,..,..,..,..,..,..,..,..,..,..,..,..,..,..,..,..,..,..,..,..,..,..,..,..,..,..,5.877793872,7.860392366,7.629096788,7.8372977,8.538410608,7.694270457,..
United States,USA,Intentional homicides (per 100,000 people),VC.IHR.PSRC.P5,..,..,..,..,..,..,..,..,..,..,..,..,..,..,..,..,..,..,..,..,..,..,..,..,..,..,..,..,..,..,..,..,..,..,..,..,..,..,..,..,..,..,..,..,..,..,..,..,..,..,..,4.713369325,4.741244976,4.537982773,4.458030477,4.964536493,5.353325095,..
Uzbekistan,UZB,Intentional homicides (per 100,000 people),VC.IHR.PSRC.P5,..,..,..,..,..,..,..,..,..,..,..,..,..,..,..,..,..,..,..,..,..,..,..,..,..,..,..,..,..,..,..,..,..,..,..,..,..,..,..,..,..,..,..,..,..,..,..,..,..,..,..,..,..,..,..,..,..,..
St. Vincent and the Grenadines,VCT,Intentional homicides (per 100,000 people),VC.IHR.PSRC.P5,..,..,..,..,..,..,..,..,..,..,..,..,..,..,..,..,..,..,..,..,..,..,..,..,..,..,..,..,..,..,..,..,..,..,..,..,..,..,..,..,..,..,..,..,..,..,..,..,..,..,..,19.20597031,25.61100541,..,..,..,36.45616875,..
Venezuela,VEN,Intentional homicides (per 100,000 people),VC.IHR.PSRC.P5,..,..,..,..,..,..,..,..,..,..,..,..,..,..,..,..,..,..,..,..,..,..,..,..,..,..,..,..,..,..,..,..,..,..,..,..,..,..,..,..,..,..,..,..,..,..,..,..,..,..,..,47.84937297,53.76495162,..,61.90957766,..,56.33331991,..
British Virgin Islands,VGB,Intentional homicides (per 100,000 people),VC.IHR.PSRC.P5,..,..,..,..,..,..,..,..,..,..,..,..,..,..,..,..,..,..,..,..,..,..,..,..,..,..,..,..,..,..,..,..,..,..,..,..,..,..,..,..,..,..,..,..,..,..,..,..,..,..,..,..,..,..,..,..,..,..
Virgin Islands (U.S.),VIR,Intentional homicides (per 100,000 people),VC.IHR.PSRC.P5,..,..,..,..,..,..,..,..,..,..,..,..,..,..,..,..,..,..,..,..,..,..,..,..,..,..,..,..,..,..,..,..,..,..,..,..,..,..,..,..,..,..,..,..,..,..,..,..,..,..,..,42.51580171,49.26248378,..,..,..,..,..
Vietnam,VNM,Intentional homicides (per 100,000 people),VC.IHR.PSRC.P5,..,..,..,..,..,..,..,..,..,..,..,..,..,..,..,..,..,..,..,..,..,..,..,..,..,..,..,..,..,..,..,..,..,..,..,..,..,..,..,..,..,..,..,..,..,..,..,..,..,..,..,1.518393289,..,..,..,..,..,..
Vanuatu,VUT,Intentional homicides (per 100,000 people),VC.IHR.PSRC.P5,..,..,..,..,..,..,..,..,..,..,..,..,..,..,..,..,..,..,..,..,..,..,..,..,..,..,..,..,..,..,..,..,..,..,..,..,..,..,..,..,..,..,..,..,..,..,..,..,..,..,..,..,..,..,..,2.128923797,..,..
World,WLD,Intentional homicides (per 100,000 people),VC.IHR.PSRC.P5,..,..,..,..,..,..,..,..,..,..,..,..,..,..,..,..,..,..,..,..,..,..,..,..,..,..,..,..,..,..,..,..,..,..,..,..,..,..,..,..,..,..,..,..,..,..,..,..,..,..,..,..,6.2,..,5.3,5.3,..,..
Samoa,WSM,Intentional homicides (per 100,000 people),VC.IHR.PSRC.P5,..,..,..,..,..,..,..,..,..,..,..,..,..,..,..,..,..,..,..,..,..,..,..,..,..,..,..,..,..,..,..,..,..,..,..,..,..,..,..,..,..,..,..,..,..,..,..,..,..,..,..,..,..,3.145362949,..,..,..,..
Kosovo,XKX,Intentional homicides (per 100,000 people),VC.IHR.PSRC.P5,..,..,..,..,..,..,..,..,..,..,..,..,..,..,..,..,..,..,..,..,..,..,..,..,..,..,..,..,..,..,..,..,..,..,..,..,..,..,..,..,..,..,..,..,..,..,..,..,..,..,..,3.46175321,4.985597164,2.247683789,2.250521462,1.665001665,1.596740447,..
Yemen,YEM,Intentional homicides (per 100,000 people),VC.IHR.PSRC.P5,..,..,..,..,..,..,..,..,..,..,..,..,..,..,..,..,..,..,..,..,..,..,..,..,..,..,..,..,..,..,..,..,..,..,..,..,..,..,..,..,..,..,..,..,..,..,..,..,..,..,..,5.669587336,6.48736255,6.658502344,..,..,..,..
South Africa,ZAF,Intentional homicides (per 100,000 people),VC.IHR.PSRC.P5,..,..,..,..,..,..,..,..,..,..,..,..,..,..,..,..,..,..,..,..,..,..,..,..,..,..,..,..,..,..,..,..,..,..,..,..,..,..,..,..,..,..,..,..,..,..,..,..,..,..,..,29.76072257,30.59159749,31.66045088,32.64602136,33.7720859,33.97095703,..
Zambia,ZMB,Intentional homicides (per 100,000 people),VC.IHR.PSRC.P5,..,..,..,..,..,..,..,..,..,..,..,..,..,..,..,..,..,..,..,..,..,..,..,..,..,..,..,..,..,..,..,..,..,..,..,..,..,..,..,..,..,..,..,..,..,..,..,..,..,..,..,6.049875652,6.020433965,5.721559986,5.281360817,5.297943485,..,..
Zimbabwe,ZWE,Intentional homicides (per 100,000 people),VC.IHR.PSRC.P5,..,..,..,..,..,..,..,..,..,..,..,..,..,..,..,..,..,..,..,..,..,..,..,..,..,..,..,..,..,..,..,..,..,..,..,..,..,..,..,..,..,..,..,..,..,..,..,..,..,..,..,..,6.668558244,..,..,..,..,..
,,,,,,,,,,,,,,,,,,,,,,,,,,,,,,,,,,,,,,,,..,..,..,..,..,..,..,..,..,..,..,..,..,..,..,..,,,,,,,
,,,,,,,,,,,,,,,,,,,,,,,,,,,,,,,,,,,,,,,,..,,,,,,,,,,,,,,,,,,,,,,